,Year,country code,Continent,Total Affected,CPI,date,depth,mag,country,mmi
0,1960,CHL,Americas,2003000.0,11.42725138,1960-05-22,25.0,9.5,Chile,8.842
1,1960,CHL,Americas,2003000.0,11.42725138,1960-05-22,25.0,7.8,Chile,7.274
2,1960,CHL,Americas,2003000.0,11.42725138,1960-05-22,25.0,6.8,Chile,6.925
3,1960,CHL,Americas,2003000.0,11.42725138,1960-05-22,25.0,7.1,Chile,7.112
4,1960,CHL,Americas,2003000.0,11.42725138,1960-05-22,25.0,5.8,Chile,5.841
5,1962,ALB,Europe,154.0,11.68805955,1962-03-18,26.4,6.1,Albania,6.858
6,1962,COL,Americas,300.0,11.68805955,1962-07-30,64.0,6.5,Colombia,6.329
7,1965,CHL,Americas,20350.0,12.17425308,1965-03-28,70.0,7.4,Chile,7.291
8,1966,CHL,Americas,3006.0,12.5413205,1966-12-28,25.0,7.7,Chile,7.252000000000001
9,1966,GRC,Europe,11050.0,12.5413205,1966-02-05,10.0,6.2,Greece,6.7010000000000005
10,1967,ALB,Europe,134.0,12.88906472,1967-11-30,20.0,6.7,Albania,6.82
11,1967,COL,Americas,40200.0,12.88906472,1967-02-09,55.0,7.0,Colombia,8.891
12,1967,FRA,Europe,1100.0,12.88906472,1967-08-13,10.0,5.7,France,6.449
13,1967,GRC,Europe,16583.0,12.88906472,1967-05-01,25.0,6.2,Greece,6.275
14,1968,AUS,Oceania,4290.0,13.43965669,1968-10-14,15.0,6.5,Australia,8.681000000000001
15,1969,ETH,Africa,585.0,14.17378236,1969-03-29,10.0,6.1,Ethiopia,7.78
16,1969,ETH,Africa,585.0,14.17378236,1969-03-29,10.0,6.2,Ethiopia,7.845
17,1969,IDN,Asia,6532.0,14.17378236,1969-02-23,15.0,7.0,Indonesia,7.487
18,1971,CHL,Americas,2348973.0,15.6452573,1971-07-09,60.3,7.8,Chile,8.462
19,1973,CRI,Americas,3745.0,17.15536031,1973-04-14,33.0,6.5,Costa Rica,6.402
20,1976,AFG,Asia,90000.0,21.98835663,1976-03-19,33.0,5.6,Afghanistan,5.224
21,1976,CHN,Asia,164000.0,21.98835663,1976-07-28,13.0,5.3,China,
22,1976,CHN,Asia,164000.0,21.98835663,1976-07-28,26.0,7.4,China,7.457999999999999
23,1976,CHN,Asia,164000.0,21.98835663,1976-07-28,33.0,5.1,China,
24,1976,CHN,Asia,164000.0,21.98835663,1976-07-28,33.0,5.0,China,
25,1976,ECU,Americas,20000.0,21.98835663,1976-10-04,55.0,5.1,Ecuador,
26,1976,GTM,Americas,4993000.0,21.98835663,1976-02-04,5.0,5.0,Guatemala,
27,1976,GTM,Americas,4993000.0,21.98835663,1976-02-04,5.0,5.4,Guatemala,5.8
28,1976,GTM,Americas,4993000.0,21.98835663,1976-02-04,5.0,7.5,Guatemala,8.919
29,1976,IDN,Asia,15000.0,21.98835663,1976-06-26,33.0,5.1,Indonesia,
30,1976,IDN,Asia,7000.0,21.98835663,1976-10-29,33.0,5.3,Indonesia,
31,1976,IDN,Asia,7000.0,21.98835663,1976-10-29,24.0,5.4,Indonesia,
32,1976,IDN,Asia,7000.0,21.98835663,1976-10-29,33.0,7.1,Indonesia,6.6579999999999995
33,1977,ARG,Americas,40100.0,23.41797075,1977-11-23,33.0,5.5,Argentina,5.641
34,1977,ARG,Americas,40100.0,23.41797075,1977-11-23,33.0,5.0,Argentina,
35,1977,ARG,Americas,40100.0,23.41797075,1977-11-23,33.0,5.1,Argentina,
36,1977,ARG,Americas,40100.0,23.41797075,1977-11-23,33.0,5.4,Argentina,
37,1977,ARG,Americas,40100.0,23.41797075,1977-11-23,33.0,5.3,Argentina,
38,1977,ARG,Americas,40100.0,23.41797075,1977-11-23,13.0,5.7,Argentina,6.459
39,1977,ARG,Americas,40100.0,23.41797075,1977-11-23,33.0,5.2,Argentina,
40,1977,ARG,Americas,40100.0,23.41797075,1977-11-23,27.0,5.6,Argentina,6.144
41,1977,ARG,Americas,40100.0,23.41797075,1977-11-23,22.0,5.9,Argentina,6.438
42,1977,ARG,Americas,40100.0,23.41797075,1977-11-23,15.0,5.4,Argentina,
43,1977,ARG,Americas,40100.0,23.41797075,1977-11-23,20.0,5.6,Argentina,6.297000000000001
44,1977,ARG,Americas,40100.0,23.41797075,1977-11-23,33.0,6.0,Argentina,6.233
45,1977,ARG,Americas,40100.0,23.41797075,1977-11-23,13.0,7.4,Argentina,9.453
46,1977,ARG,Americas,40100.0,23.41797075,1977-11-23,181.0,5.0,Argentina,
47,1977,IDN,Asia,25.0,23.41797075,1977-08-27,46.0,5.4,Indonesia,
48,1977,IDN,Asia,25.0,23.41797075,1977-08-27,33.0,5.5,Indonesia,5.341
49,1977,IDN,Asia,25.0,23.41797075,1977-08-27,33.0,5.5,Indonesia,5.345
50,1978,GRC,Europe,600100.0,25.2049907,1978-06-20,3.0,6.4,Greece,8.548
51,1962,IRN,Asia,103000.0,11.68805955,1962-09-01,15.0,7.0,Iran,9.25
52,1962,ITA,Europe,30000.0,11.68805955,1962-08-21,20.0,5.4,Italy,
53,1962,ITA,Europe,30000.0,11.68805955,1962-08-21,20.0,6.2,Italy,6.462999999999999
54,1962,ITA,Europe,30000.0,11.68805955,1962-08-21,20.0,5.7,Italy,6.059
55,1963,LBY,Africa,5375.0,11.83294687,1963-02-21,25.0,5.6,Libya,6.006
56,1964,MEX,Americas,4000.0,11.98428136,1964-07-06,93.3,7.3,Mexico,7.271
57,1964,TUR,Asia,13100.0,11.98428136,1964-10-06,27.4,6.8,Turkey,7.434
58,1964,TWN,Asia,62485.0,11.98428136,1964-01-18,48.1,6.5,Taiwan,5.5920000000000005
59,1964,TZA,Africa,500.0,11.98428136,1964-05-07,33.8,6.5,United Republic of Tanzania,7.718
60,1965,SLV,Americas,139720.0,12.17425308,1965-05-03,15.0,5.9,El Salvador,6.496
61,1966,NPL,Asia,20100.0,12.5413205,1966-06-27,25.0,6.3,Nepal,6.066
62,1966,NPL,Asia,20100.0,12.5413205,1966-06-27,25.0,5.7,Nepal,5.289
63,1966,NPL,Asia,20100.0,12.5413205,1966-06-27,25.9,6.0,Nepal,5.721
64,1966,TUR,Asia,109500.0,12.5413205,1966-08-19,24.7,6.8,Turkey,8.399
65,1967,TUR,Asia,326073.0,12.88906472,1967-07-22,30.0,7.4,Turkey,8.607000000000001
66,1968,MEX,Americas,500.0,13.43965669,1968-09-25,124.8,6.0,Mexico,4.284
67,1968,IRN,Asia,79050.0,13.43965669,1968-08-31,10.0,7.1,Iran,8.876
68,1968,ITA,Europe,55563.0,13.43965669,1968-01-15,10.0,6.4,Italy,7.397
69,1968,NZL,Oceania,314.0,13.43965669,1968-05-24,15.0,5.7,New Zealand,6.317
70,1968,PER,Americas,420.0,13.43965669,1968-06-19,15.0,6.8,Peru,6.752000000000001
71,1969,IRN,Asia,48300.0,14.17378236,1969-01-03,10.0,5.5,Iran,6.57
72,1969,PER,Americas,3216.0,14.17378236,1969-10-01,10.0,6.0,Peru,6.553999999999999
73,1969,PER,Americas,3216.0,14.17378236,1969-10-01,10.0,5.8,Peru,6.474
74,1969,PER,Americas,3216.0,14.17378236,1969-10-01,10.0,6.6,Peru,6.747000000000001
75,1969,TUR,Asia,350.0,14.17378236,1969-03-28,10.0,6.7,Turkey,7.382000000000001
76,1970,IRN,Asia,10000.0,15.00128211,1970-07-30,15.0,6.7,Iran,7.415
77,1970,TUR,Asia,83448.0,15.00128211,1970-03-28,25.0,6.9,Turkey,7.757000000000001
78,1971,TUR,Asia,88665.0,15.6452573,1971-05-22,10.0,6.9,Turkey,7.624
79,1971,USA,Americas,2000.0,15.6452573,1971-02-09,6.0,5.8,United States of America,7.16
80,1971,USA,Americas,2000.0,15.6452573,1971-02-09,8.95,6.6,United States of America,8.691
81,1971,USA,Americas,2000.0,15.6452573,1971-02-09,6.0,5.3,United States of America,
82,1972,IRN,Asia,23458.0,16.15721204,1972-04-10,10.0,6.6,Iran,9.165
83,1972,NIC,Americas,720000.0,16.15721204,1972-12-23,10.0,6.3,Nicaragua,8.385
84,1972,PAK,Asia,5000.0,16.15721204,1972-09-03,30.0,5.8,Pakistan,5.8660000000000005
85,1972,PAK,Asia,5000.0,16.15721204,1972-09-03,30.0,6.2,Pakistan,6.318
86,1972,PER,Americas,1575000.0,16.15721204,1972-03-20,55.0,6.4,Peru,6.3420000000000005
87,1973,MEX,Americas,390.0,17.15536031,1973-01-30,43.0,7.5,Mexico,7.641
88,1974,PAK,Asia,50200.0,19.05185393,1974-12-28,33.0,5.0,Pakistan,
89,1974,PAK,Asia,50200.0,19.05185393,1974-12-28,22.0,6.2,Pakistan,7.952999999999999
90,1975,TUR,Asia,53372.0,20.79379863,1975-09-06,33.0,5.2,Turkey,
91,1975,TUR,Asia,53372.0,20.79379863,1975-09-06,33.0,5.1,Turkey,
92,1975,TUR,Asia,53372.0,20.79379863,1975-09-06,26.0,6.7,Turkey,8.226
93,1976,PHL,Asia,181348.0,21.98835663,1976-08-17,49.0,5.4,Philippines,
94,1976,PHL,Asia,181348.0,21.98835663,1976-08-17,40.0,5.1,Philippines,
95,1976,PHL,Asia,181348.0,21.98835663,1976-08-17,70.0,5.0,Philippines,
96,1976,ISL,Europe,6.0,21.98835663,1976-01-13,33.0,6.4,Iceland,8.738999999999999
97,1976,ITA,Europe,218222.0,21.98835663,1976-05-06,9.0,6.5,Italy,9.371
98,1976,TUR,Asia,9050.0,21.98835663,1976-08-19,3.0,5.0,Turkey,7.814
99,1976,TUR,Asia,216000.0,21.98835663,1976-11-24,33.0,5.0,Turkey,
100,1976,TUR,Asia,216000.0,21.98835663,1976-11-24,36.0,7.3,Turkey,8.544
101,1977,SLB,Oceania,1001.0,23.41797075,1977-04-21,33.0,5.2,Solomon Islands,
102,1977,SLB,Oceania,1001.0,23.41797075,1977-04-21,33.0,5.5,Solomon Islands,4.5360000000000005
103,1977,SLB,Oceania,1001.0,23.41797075,1977-04-21,33.0,6.1,Solomon Islands,5.6770000000000005
104,1977,SLB,Oceania,1.0,23.41797075,1977-04-21,33.0,5.2,Solomon Islands,
105,1977,SLB,Oceania,1.0,23.41797075,1977-04-21,33.0,5.5,Solomon Islands,4.5360000000000005
106,1977,SLB,Oceania,1.0,23.41797075,1977-04-21,33.0,6.1,Solomon Islands,5.6770000000000005
107,1977,IRN,Asia,20682.0,23.41797075,1977-03-22,39.0,5.9,Iran,5.117
108,1977,IRN,Asia,20682.0,23.41797075,1977-03-22,33.0,5.2,Iran,
109,1977,IRN,Asia,20682.0,23.41797075,1977-03-22,43.0,5.2,Iran,
110,1977,IRN,Asia,9.0,23.41797075,1977-05-26,37.0,5.4,Iran,4.3
111,1977,IRN,Asia,15.0,23.41797075,1977-12-10,47.0,5.1,Iran,3.752
112,1977,PHL,Asia,60030.0,23.41797075,1977-03-19,39.0,5.8,Philippines,4.9239999999999995
113,1977,PHL,Asia,60030.0,23.41797075,1977-03-19,33.0,5.2,Philippines,
114,1977,PHL,Asia,60030.0,23.41797075,1977-03-19,33.0,5.0,Philippines,
115,1977,PHL,Asia,60030.0,23.41797075,1977-03-19,58.0,5.1,Philippines,
116,1977,ROU,Europe,386300.0,23.41797075,1977-03-04,94.0,7.5,Romania,7.955
117,1978,JPN,Asia,2016.0,25.2049907,1978-01-14,13.0,5.3,Japan,
118,1978,JPN,Asia,2016.0,25.2049907,1978-01-14,10.0,5.7,Japan,6.522
119,1978,JPN,Asia,2016.0,25.2049907,1978-01-14,11.0,5.0,Japan,
120,1978,JPN,Asia,2016.0,25.2049907,1978-01-14,5.0,5.2,Japan,
121,1966,COD,Africa,3600.0,12.5413205,1966-03-20,29.3,6.6,Democratic Republic of the Congo,8.052999999999999
122,1969,ZAF,Africa,1000.0,14.17378236,1969-09-29,15.0,6.3,South Africa,8.761000000000001
123,1979,GTM,Americas,2040.0,28.04168132,1979-10-09,33.0,5.0,Guatemala,3.8
124,1979,CHN,Asia,572532.0,28.04168132,1979-07-09,11.0,5.5,China,7.122000000000001
125,1979,COL,Americas,600.0,28.04168132,1979-11-23,108.0,6.4,Colombia,5.272
126,1980,DZA,Africa,930317.0,31.84110657,1980-10-10,11.0,5.3,Algeria,
127,1980,DZA,Africa,930317.0,31.84110657,1980-10-10,10.0,5.4,Algeria,
128,1980,DZA,Africa,930317.0,31.84110657,1980-10-10,10.0,6.2,Algeria,7.581
129,1980,DZA,Africa,930317.0,31.84110657,1980-10-10,10.0,5.3,Algeria,
130,1980,DZA,Africa,930317.0,31.84110657,1980-10-10,10.0,5.9,Algeria,7.117000000000001
131,1980,DZA,Africa,930317.0,31.84110657,1980-10-10,10.0,7.3,Algeria,8.578
132,1980,ECU,Americas,40.0,31.84110657,1980-08-18,55.0,5.6,Ecuador,4.63
133,1981,GRC,Europe,450.0,35.13179151,1981-03-10,31.1,5.6,Greece,6.404
134,1982,AFG,Asia,38000.0,37.28586971,1982-12-16,36.0,6.6,Afghanistan,6.274
135,1982,ALB,Europe,5005.0,37.28586971,1982-11-16,21.0,5.6,Albania,6.449
136,1983,CRI,Americas,5060.0,38.4836513,1983-07-03,33.0,6.5,Costa Rica,6.511
137,1983,CRI,Americas,5060.0,38.4836513,1983-07-03,33.0,5.1,Costa Rica,6.6
138,1983,BEL,Europe,1030.0,38.4836513,1983-11-08,10.0,5.0,Belgium,7.808
139,1983,CHL,Americas,1524.0,38.4836513,1983-10-04,33.0,5.0,Chile,
140,1983,CHL,Americas,1524.0,38.4836513,1983-10-04,14.8,7.4,Chile,7.101
141,1983,COL,Americas,36200.0,38.4836513,1983-03-31,22.2,5.5,Colombia,8.021
142,1983,GIN,Africa,21436.0,38.4836513,1983-12-22,11.3,6.3,Guinea,8.558
143,1984,AFG,Asia,35.0,40.13865994,1984-02-02,39.2,5.0,Afghanistan,
144,1985,ARG,Americas,45238.0,41.56182689,1985-01-26,5.0,5.2,Argentina,
145,1985,ARG,Americas,45238.0,41.56182689,1985-01-26,5.0,6.2,Argentina,6.847
146,1985,CHL,Americas,1482275.0,41.56182689,1985-03-03,33.0,6.4,Chile,6.223
147,1985,CHL,Americas,1482275.0,41.56182689,1985-03-03,33.0,5.5,Chile,4.779
148,1985,CHN,Asia,300.0,41.56182689,1985-04-18,5.0,5.8,China,7.392
149,1985,CHN,Asia,16100.0,41.56182689,1985-08-23,10.0,5.2,China,
150,1985,CHN,Asia,16100.0,41.56182689,1985-08-23,6.8,7.0,China,6.984
151,1985,CHN,Asia,16100.0,41.56182689,1985-08-23,10.0,5.1,China,
152,1986,BGR,Europe,3060.0,42.35069857,1986-12-07,20.5,5.6,Bulgaria,6.31
153,1986,BRA,Americas,23000.0,42.35069857,1986-11-30,5.0,5.1,Brazil,6.876
154,1986,CHN,Asia,290.0,42.35069857,1986-06-20,33.0,6.1,China,6.269
155,1986,GRC,Europe,45300.0,42.35069857,1986-09-13,11.2,6.0,Greece,7.555
156,1987,CHL,Americas,5112.0,43.90266239,1987-08-08,69.7,7.2,Chile,7.21
157,1987,ECU,Americas,6.0,43.90266239,1987-09-22,10.0,6.0,Ecuador,6.5360000000000005
158,1987,ECU,Americas,6.0,43.90266239,1987-09-22,10.0,6.4,Ecuador,6.705
159,1987,CHN,Asia,2085.0,43.90266239,1987-01-24,33.0,5.2,China,
160,1987,CHN,Asia,2085.0,43.90266239,1987-01-24,33.0,5.5,China,5.294
161,1987,CHN,Asia,2085.0,43.90266239,1987-01-24,28.9,6.2,China,6.586
162,1988,GTM,Americas,500.0,45.69289676,1988-11-03,68.5,6.6,Guatemala,6.39
163,1988,BGD,Asia,100.0,45.69289676,1988-02-06,33.0,5.9,Bangladesh,6.439
164,1988,CHN,Asia,1270364.0,45.69289676,1988-11-06,10.0,5.4,China,
165,1988,CHN,Asia,1270364.0,45.69289676,1988-11-06,10.0,5.1,China,
166,1988,CHN,Asia,1270364.0,45.69289676,1988-11-06,10.0,5.0,China,
167,1988,CHN,Asia,1270364.0,45.69289676,1988-11-06,10.0,5.8,China,7.019
168,1988,CHN,Asia,1270364.0,45.69289676,1988-11-06,10.0,6.4,China,7.5329999999999995
169,1988,CHN,Asia,1270364.0,45.69289676,1988-11-06,17.8,7.7,China,9.048
170,1988,DZA,Africa,257.0,45.69289676,1988-10-31,12.0,5.6,Algeria,6.728
171,1978,IRN,Asia,40000.0,25.2049907,1978-09-16,33.0,7.4,Iran,8.985
172,1978,IRN,Asia,52.0,25.2049907,1978-12-14,33.0,6.2,Iran,6.207999999999999
173,1978,MEX,Americas,3850.0,25.2049907,1978-11-29,33.0,5.0,Mexico,
174,1978,MEX,Americas,3850.0,25.2049907,1978-11-29,22.0,5.7,Mexico,5.417999999999999
175,1978,MEX,Americas,3850.0,25.2049907,1978-11-29,33.0,5.3,Mexico,
176,1978,MEX,Americas,3850.0,25.2049907,1978-11-29,18.0,7.7,Mexico,7.709
177,1979,IDN,Asia,5005.0,28.04168132,1979-09-12,33.0,5.2,Indonesia,
178,1979,IDN,Asia,5005.0,28.04168132,1979-09-12,33.0,5.5,Indonesia,5.169
179,1979,IDN,Asia,5005.0,28.04168132,1979-09-12,5.0,7.9,Indonesia,6.954
180,1979,IDN,Asia,43200.0,28.04168132,1979-11-02,62.0,6.1,Indonesia,5.49
181,1979,IDN,Asia,1500.0,28.04168132,1979-12-15,33.0,5.0,Indonesia,
182,1979,IDN,Asia,1500.0,28.04168132,1979-12-15,33.0,6.6,Indonesia,6.652
183,1979,IDN,Asia,619.0,28.04168132,1979-12-18,33.0,5.0,Indonesia,
184,1979,IRN,Asia,5200.0,28.04168132,1979-01-16,33.0,6.7,Iran,7.581
185,1979,IRN,Asia,15055.0,28.04168132,1979-11-14,33.0,6.6,Iran,7.3260000000000005
186,1979,IRN,Asia,23.0,28.04168132,1979-11-27,10.0,7.1,Iran,8.027999999999999
187,1979,IRN,Asia,23.0,28.04168132,1979-11-27,17.0,5.0,Iran,
188,1979,ITA,Europe,5000.0,28.04168132,1979-09-19,16.0,5.9,Italy,8.67
189,1979,MEX,Americas,7535.0,28.04168132,1979-03-14,66.0,5.0,Mexico,
190,1979,MEX,Americas,7535.0,28.04168132,1979-03-14,52.0,5.5,Mexico,4.461
191,1979,MEX,Americas,7535.0,28.04168132,1979-03-14,49.0,7.6,Mexico,8.033999999999999
192,1979,PER,Americas,1100.0,28.04168132,1979-02-16,52.0,5.5,Peru,4.501
193,1979,PER,Americas,1100.0,28.04168132,1979-02-16,53.0,6.9,Peru,7.0760000000000005
194,1980,IRN,Asia,100.0,31.84110657,1980-12-22,41.0,5.5,Iran,4.828
195,1980,ITA,Europe,407700.0,31.84110657,1980-11-23,10.0,6.9,Italy,9.404
196,1980,MEX,Americas,60.0,31.84110657,1980-06-09,6.0,6.3,Mexico,8.097999999999999
197,1980,MEX,Americas,6300.0,31.84110657,1980-10-24,72.0,6.4,Mexico,6.571000000000001
198,1980,NPL,Asia,240600.0,31.84110657,1980-07-29,18.0,6.5,Nepal,8.068999999999999
199,1980,NPL,Asia,240600.0,31.84110657,1980-07-29,34.0,5.7,Nepal,4.873
200,1981,IDN,Asia,2682.0,35.13179151,1981-01-19,33.0,5.2,Indonesia,
201,1981,IDN,Asia,2682.0,35.13179151,1981-01-19,33.0,5.4,Indonesia,
202,1981,IDN,Asia,2682.0,35.13179151,1981-01-19,33.0,6.7,Indonesia,6.593
203,1981,PAK,Asia,2000.0,35.13179151,1981-09-12,33.0,6.2,Pakistan,6.231
204,1981,IRN,Asia,3000.0,35.13179151,1981-06-11,33.0,6.7,Iran,7.292000000000001
205,1981,IRN,Asia,31000.0,35.13179151,1981-07-28,33.0,7.1,Iran,9.033
206,1981,PER,Americas,12256.0,35.13179151,1981-06-22,23.7,5.2,Peru,5.2829999999999995
207,1981,PER,Americas,15.0,35.13179151,1981-04-18,38.3,5.3,Peru,4.657
208,1982,IDN,Asia,8817.0,37.28586971,1982-12-25,33.0,5.9,Indonesia,5.919
209,1982,IDN,Asia,15000.0,37.28586971,1982-02-24,52.3,5.4,Indonesia,4.207
210,1982,JPN,Asia,1100.0,37.28586971,1982-03-21,33.0,5.0,Japan,
211,1982,HND,Americas,500.0,37.28586971,1982-04-27,32.7,5.0,Honduras,3.824
212,1982,MEX,Americas,17.0,37.28586971,1982-06-07,33.8,7.0,Mexico,6.52
213,1982,MEX,Americas,17.0,37.28586971,1982-06-07,40.5,6.9,Mexico,6.362
214,1983,IRN,Asia,7066.0,38.4836513,1983-03-26,33.0,5.4,Iran,4.801
215,1983,JPN,Asia,28.0,38.4836513,1983-08-08,24.8,5.7,Japan,5.796
216,1983,IRN,Asia,416.0,38.4836513,1983-07-22,41.3,5.6,Iran,4.82
217,1984,IDN,Asia,1858.0,40.13865994,1984-08-27,40.7,5.4,Indonesia,4.655
218,1984,IDN,Asia,1858.0,40.13865994,1984-08-27,32.5,5.6,Indonesia,5.712999999999999
219,1984,ITA,Europe,4200.0,40.13865994,1984-04-29,11.9,5.7,Italy,6.3389999999999995
220,1984,ITA,Europe,5083.0,40.13865994,1984-05-07,10.0,5.9,Italy,7.102
221,1985,IDN,Asia,7.0,41.56182689,1985-09-15,10.0,5.1,Indonesia,
222,1985,IDN,Asia,7.0,41.56182689,1985-09-15,10.0,5.3,Indonesia,
223,1985,IDN,Asia,7.0,41.56182689,1985-09-15,10.0,6.3,Indonesia,6.64
224,1985,IDN,Asia,7.0,41.56182689,1985-09-15,10.0,5.5,Indonesia,6.432
225,1985,IDN,Asia,7.0,41.56182689,1985-09-15,10.0,6.3,Indonesia,6.678
226,1985,MEX,Americas,2130204.0,41.56182689,1985-09-19,33.0,5.0,Mexico,
227,1985,MEX,Americas,2130204.0,41.56182689,1985-09-19,27.9,8.0,Mexico,7.231
228,1985,PER,Americas,400.0,41.56182689,1985-08-21,33.0,5.1,Peru,
229,1986,PNG,Oceania,1000.0,42.35069857,1986-06-24,102.3,7.2,Papua New Guinea,6.657
230,1986,IND,Asia,30.0,42.35069857,1986-04-26,33.0,5.5,India,5.961
231,1986,IRN,Asia,1504.0,42.35069857,1986-07-12,10.0,5.7,Iran,6.9639999999999995
232,1986,IRN,Asia,400.0,42.35069857,1986-12-20,25.5,5.4,Iran,5.684
233,1986,PAK,Asia,750.0,42.35069857,1986-10-16,42.6,5.0,Pakistan,3.84
234,1986,PER,Americas,8080.0,42.35069857,1986-04-05,50.9,5.2,Peru,3.988
235,1986,PER,Americas,100.0,42.35069857,1986-01-11,38.9,5.1,Peru,4.2139999999999995
236,1987,IDN,Asia,17100.0,43.90266239,1987-11-26,33.0,5.1,Indonesia,
237,1987,IRN,Asia,50.0,43.90266239,1987-05-29,40.9,5.3,Iran,4.0
238,1987,JPN,Asia,22652.0,43.90266239,1987-12-17,62.9,6.7,Japan,6.648
239,1987,NZL,Oceania,7025.0,43.90266239,1987-03-02,10.0,5.5,New Zealand,6.2860000000000005
240,1987,NZL,Oceania,7025.0,43.90266239,1987-03-02,19.2,6.5,New Zealand,8.791
241,1987,NZL,Oceania,7025.0,43.90266239,1987-03-02,29.0,5.1,New Zealand,
242,1988,IRN,Asia,10000.0,45.69289676,1988-08-11,33.0,6.1,Iran,7.239
243,1988,IRN,Asia,10000.0,45.69289676,1988-08-11,32.2,5.8,Iran,5.757000000000001
244,1988,IRN,Asia,3030.0,45.69289676,1988-03-30,32.9,5.9,Iran,5.755
245,1988,NPL,Asia,301016.0,45.69289676,1988-08-20,57.4,6.9,Nepal,7.416
246,1983,USA,Americas,6.0,38.4836513,1983-11-16,8.722000000000001,6.71,United States of America,8.405
247,1983,TUR,Asia,834137.0,38.4836513,1983-10-30,17.0,5.3,Turkey,
248,1983,TUR,Asia,834137.0,38.4836513,1983-10-30,11.6,6.8,Turkey,8.584
249,1983,USA,Americas,1545.0,38.4836513,1983-05-02,8.0,5.5,United States of America,6.667000000000001
250,1983,USA,Americas,1545.0,38.4836513,1983-05-02,9.578,6.7,United States of America,8.234
251,1983,USA,Americas,2.0,38.4836513,1983-10-28,7.4,5.4,United States of America,
252,1983,USA,Americas,2.0,38.4836513,1983-10-28,10.0,6.9,United States of America,8.543
253,1984,TUR,Asia,375038.0,40.13865994,1984-09-18,10.0,5.5,Turkey,6.228
254,1984,TUR,Asia,375035.0,40.13865994,1984-10-18,60.2,5.4,Turkey,4.454
255,1985,TUR,Asia,579.0,41.56182689,1985-11-07,33.0,5.2,Turkey,4.771
256,1986,SLV,Americas,770000.0,42.35069857,1986-10-10,7.0,5.7,El Salvador,7.546
257,1986,TUR,Asia,20100.0,42.35069857,1986-05-05,9.6,6.1,Turkey,7.343999999999999
258,1986,TUR,Asia,1003.0,42.35069857,1986-10-11,5.0,5.7,Turkey,6.885
259,1986,VEN,Americas,150.0,42.35069857,1986-07-18,7.2,5.5,Venezuela,6.877000000000001
260,1987,USA,Americas,2200.0,43.90266239,1987-10-01,14.6,5.9,United States of America,7.787000000000001
261,1987,USA,Americas,94.0,43.90266239,1987-11-24,11.181,6.6,United States of America,8.352
262,1987,USA,Americas,94.0,43.90266239,1987-11-24,10.853,6.2,United States of America,7.895
263,1988,ALB,Europe,690.0,45.69289676,1988-01-09,24.0,5.9,Albania,6.932
264,1989,BGD,Asia,100.0,47.89849737,1989-06-12,5.8,5.8,Bangladesh,7.749
265,1989,CHN,Asia,40107.0,47.89849737,1989-04-15,13.3,6.4,China,6.99
266,1989,CHN,Asia,105140.0,47.89849737,1989-10-18,10.7,5.4,China,
267,1989,CHN,Asia,105140.0,47.89849737,1989-10-18,10.5,5.6,China,7.037999999999999
268,1989,CHN,Asia,105140.0,47.89849737,1989-10-18,10.0,5.4,China,6.202000000000001
269,1989,CHN,Asia,26591.0,47.89849737,1989-05-07,33.0,5.6,China,5.43
270,1989,CHN,Asia,52800.0,47.89849737,1989-11-20,33.0,5.2,China,5.48
271,1989,CHN,Asia,21404.0,47.89849737,1989-09-22,14.6,6.1,China,6.961
272,1990,ECU,Americas,6510.0,50.48403227,1990-08-11,5.0,5.3,Ecuador,6.0
273,1990,CHN,Asia,30016.0,50.48403227,1990-10-20,11.7,5.7,China,6.888
274,1990,CHN,Asia,34319.0,50.48403227,1990-04-26,9.6,6.3,China,7.641
275,1990,CHN,Asia,34319.0,50.48403227,1990-04-26,8.1,6.5,China,8.709
276,1990,CHN,Asia,34319.0,50.48403227,1990-04-26,10.0,6.2,China,
277,1990,CHN,Asia,34319.0,50.48403227,1990-04-26,10.0,6.3,China,7.582000000000001
278,1990,CRI,Americas,14299.0,50.48403227,1990-12-22,17.3,6.0,Costa Rica,6.46
279,1991,CRI,Americas,10419.0,52.62202002,1991-04-22,10.0,5.4,Costa Rica,
280,1991,CRI,Americas,10419.0,52.62202002,1991-04-22,10.0,5.2,Costa Rica,
281,1991,CRI,Americas,10419.0,52.62202002,1991-04-22,10.0,7.6,Costa Rica,7.736000000000001
282,1991,AFG,Asia,7000.0,52.62202002,1991-01-31,142.4,6.9,Afghanistan,5.221
283,1991,CHN,Asia,42808.0,52.62202002,1991-02-25,33.0,5.0,China,
284,1991,CHN,Asia,42808.0,52.62202002,1991-02-25,20.6,6.0,China,6.98
285,1991,CRI,Americas,150.0,52.62202002,1991-08-09,5.0,5.2,Costa Rica,5.5
286,1992,COL,Americas,1635.0,54.21584465,1992-10-17,10.0,5.1,Colombia,
287,1992,COL,Americas,1635.0,54.21584465,1992-10-17,10.0,5.0,Colombia,
288,1992,COL,Americas,1635.0,54.21584465,1992-10-17,14.3,6.7,Colombia,6.831
289,1992,EGY,Africa,92649.0,54.21584465,1992-10-12,21.5,5.8,Egypt,7.669
290,1993,CHN,Asia,504.0,55.8161073,1993-11-30,18.2,5.6,China,6.285
291,1993,COL,Americas,3071.0,55.8161073,1993-07-22,20.3,6.1,Colombia,8.166
292,1993,CRI,Americas,240.0,55.8161073,1993-07-10,19.5,5.8,Costa Rica,6.417000000000001
293,1989,IDN,Asia,17196.0,47.89849737,1989-08-01,14.3,6.3,Indonesia,6.557
294,1989,IRN,Asia,1500.0,47.89849737,1989-10-01,41.7,5.2,Iran,4.165
295,1989,IRN,Asia,217.0,47.89849737,1989-05-27,30.5,6.0,Iran,6.282
296,1989,MEX,Americas,350.0,47.89849737,1989-04-25,19.2,6.9,Mexico,6.718
297,1989,MWI,Africa,50100.0,47.89849737,1989-03-09,29.6,5.7,Malawi,5.897
298,1990,IDN,Asia,2172.0,50.48403227,1990-11-15,48.5,5.4,Indonesia,
299,1990,IDN,Asia,2172.0,50.48403227,1990-11-15,53.5,5.6,Indonesia,4.575
300,1990,IDN,Asia,2172.0,50.48403227,1990-11-15,30.4,5.8,Indonesia,6.039
301,1990,IDN,Asia,2172.0,50.48403227,1990-11-15,48.4,6.7,Indonesia,6.739
302,1990,IRN,Asia,710000.0,50.48403227,1990-06-21,10.0,5.3,Iran,
303,1990,IRN,Asia,710000.0,50.48403227,1990-06-21,15.2,5.8,Iran,6.595
304,1990,IRN,Asia,710000.0,50.48403227,1990-06-21,10.0,5.4,Iran,
305,1990,PHL,Asia,1597553.0,50.48403227,1990-07-16,33.0,5.0,Philippines,
306,1990,PHL,Asia,1597553.0,50.48403227,1990-07-16,33.0,5.1,Philippines,
307,1990,PHL,Asia,1597553.0,50.48403227,1990-07-16,12.9,5.2,Philippines,
308,1990,PHL,Asia,1597553.0,50.48403227,1990-07-16,33.0,5.4,Philippines,
309,1990,PHL,Asia,1597553.0,50.48403227,1990-07-16,33.0,5.3,Philippines,
310,1990,PHL,Asia,1597553.0,50.48403227,1990-07-16,12.7,5.7,Philippines,6.457000000000001
311,1990,PHL,Asia,1597553.0,50.48403227,1990-07-16,33.0,5.2,Philippines,
312,1990,PHL,Asia,1597553.0,50.48403227,1990-07-16,15.7,5.6,Philippines,6.2989999999999995
313,1990,PHL,Asia,1597553.0,50.48403227,1990-07-16,18.2,5.6,Philippines,6.395
314,1990,PHL,Asia,1597553.0,50.48403227,1990-07-16,23.4,5.3,Philippines,
315,1990,PHL,Asia,1597553.0,50.48403227,1990-07-16,25.1,7.7,Philippines,9.281
316,1990,GRC,Europe,60.0,50.48403227,1990-12-21,13.3,6.1,Greece,6.648
317,1990,GRC,Europe,1.0,50.48403227,1990-06-16,31.7,5.6,Greece,5.612
318,1990,IDN,Asia,103.0,50.48403227,1990-07-06,30.3,5.6,Indonesia,5.596
319,1990,IDN,Asia,103.0,50.48403227,1990-07-06,13.5,5.5,Indonesia,6.377000000000001
320,1990,IRN,Asia,22400.0,50.48403227,1990-11-06,17.9,5.7,Iran,6.17
321,1990,IRN,Asia,22400.0,50.48403227,1990-11-06,10.6,6.6,Iran,8.536
322,1990,PAK,Asia,40.0,50.48403227,1990-03-04,10.1,6.1,Pakistan,6.6370000000000005
323,1990,PAK,Asia,6.0,50.48403227,1990-06-17,15.3,5.6,Pakistan,6.18
324,1990,PAK,Asia,6.0,50.48403227,1990-06-17,14.5,6.1,Pakistan,6.502000000000001
325,1990,PHL,Asia,15.0,50.48403227,1990-06-14,22.9,5.5,Philippines,5.982
326,1990,PHL,Asia,15.0,50.48403227,1990-06-14,16.9,5.0,Philippines,
327,1990,ROU,Europe,700.0,50.48403227,1990-05-30,89.3,7.0,Romania,7.865
328,1991,GEO,Asia,3740.0,52.62202002,1991-06-15,9.4,6.3,Georgia,7.157
329,1991,GTM,Americas,23890.0,52.62202002,1991-09-18,5.0,6.2,Guatemala,6.8870000000000005
330,1991,PER,Americas,1535.0,52.62202002,1991-07-24,55.5,5.3,Peru,
331,1991,ROU,Europe,1845.0,52.62202002,1991-07-18,11.6,5.6,Romania,6.23
332,1991,IRN,Asia,1501.0,52.62202002,1991-11-04,38.5,5.6,Iran,5.191
333,1991,MMR,Asia,160.0,52.62202002,1991-01-05,31.9,5.2,Myanmar,
334,1991,MMR,Asia,160.0,52.62202002,1991-01-05,19.7,7.0,Myanmar,6.933
335,1991,PER,Americas,45750.0,52.62202002,1991-04-04,28.7,5.2,Peru,
336,1991,PER,Americas,45750.0,52.62202002,1991-04-04,20.7,6.5,Peru,6.6339999999999995
337,1991,ROU,Europe,4005.0,52.62202002,1991-12-02,9.0,5.5,Romania,6.869
338,1992,IRN,Asia,4050.0,54.21584465,1992-03-04,17.9,5.1,Iran,6.42
339,1992,KGZ,Asia,86806.0,54.21584465,1992-08-19,22.5,5.1,Kyrgyzstan,
340,1992,KGZ,Asia,86806.0,54.21584465,1992-08-19,18.8,5.0,Kyrgyzstan,
341,1992,KGZ,Asia,86806.0,54.21584465,1992-08-19,33.0,5.2,Kyrgyzstan,
342,1992,KGZ,Asia,86806.0,54.21584465,1992-08-19,18.5,6.6,Kyrgyzstan,7.106
343,1992,KGZ,Asia,86806.0,54.21584465,1992-08-19,21.1,6.3,Kyrgyzstan,7.022
344,1992,KGZ,Asia,86806.0,54.21584465,1992-08-19,33.0,5.0,Kyrgyzstan,
345,1992,KGZ,Asia,86806.0,54.21584465,1992-08-19,33.0,6.1,Kyrgyzstan,6.074
346,1992,KGZ,Asia,86806.0,54.21584465,1992-08-19,27.4,7.3,Kyrgyzstan,9.397
347,1992,IDN,Asia,92103.0,54.21584465,1992-12-12,22.6,5.4,Indonesia,
348,1992,IDN,Asia,92103.0,54.21584465,1992-12-12,33.0,5.1,Indonesia,
349,1992,IDN,Asia,92103.0,54.21584465,1992-12-12,20.8,6.1,Indonesia,6.439
350,1992,IDN,Asia,92103.0,54.21584465,1992-12-12,20.6,5.7,Indonesia,6.255
351,1992,IDN,Asia,7501.0,54.21584465,1992-02-04,33.0,5.0,Indonesia,
352,1992,IDN,Asia,7501.0,54.21584465,1992-02-04,58.3,5.1,Indonesia,3.7
353,1992,PAK,Asia,2100.0,54.21584465,1992-05-20,16.3,6.3,Pakistan,7.307
354,1993,JPN,Asia,10522.0,55.8161073,1993-01-15,102.2,7.6,Japan,7.505
355,1993,JPN,Asia,10522.0,55.8161073,1993-01-15,112.3,6.1,Japan,4.811
356,1993,PER,Americas,145.0,55.8161073,1993-04-18,106.3,6.3,Peru,5.056
357,1993,PNG,Oceania,20200.0,55.8161073,1993-10-13,32.6,5.0,Papua New Guinea,
358,1993,PNG,Oceania,20200.0,55.8161073,1993-10-13,33.0,5.2,Papua New Guinea,
359,1993,PNG,Oceania,20200.0,55.8161073,1993-10-13,33.0,6.0,Papua New Guinea,5.9270000000000005
360,1993,PNG,Oceania,20200.0,55.8161073,1993-10-13,33.0,5.1,Papua New Guinea,
361,1993,PNG,Oceania,20200.0,55.8161073,1993-10-13,33.0,6.5,Papua New Guinea,6.457999999999999
362,1993,PNG,Oceania,20200.0,55.8161073,1993-10-13,25.3,6.9,Papua New Guinea,6.608
363,1993,GRC,Europe,605.0,55.8161073,1993-07-14,22.6,5.6,Greece,6.6979999999999995
364,1993,IND,Asia,30000.0,55.8161073,1993-09-29,10.0,5.0,India,6.375
365,1993,IND,Asia,30000.0,55.8161073,1993-09-29,6.8,6.2,India,8.607000000000001
366,1993,IRN,Asia,4049.0,55.8161073,1993-06-22,33.0,5.4,Iran,4.956
367,1993,IRN,Asia,1003.0,55.8161073,1993-01-27,33.0,5.1,Iran,4.439
368,1993,NPL,Asia,285.0,55.8161073,1993-10-20,37.4,5.1,Nepal,3.657
369,1993,NPL,Asia,285.0,55.8161073,1993-10-20,33.0,5.0,Nepal,
370,1994,IDN,Asia,200040.0,57.27148263,1994-01-21,33.0,5.0,Indonesia,
371,1994,IDN,Asia,200040.0,57.27148263,1994-01-21,89.9,6.0,Indonesia,4.791
372,1988,SLB,Oceania,500.0,45.69289676,1988-08-10,33.0,5.2,Solomon Islands,
373,1989,USA,Americas,3757.0,47.89849737,1989-10-18,15.306,5.1,United States of America,
374,1989,USA,Americas,3757.0,47.89849737,1989-10-18,17.214000000000002,6.9,United States of America,8.532
375,1989,USA,Americas,315.0,47.89849737,1989-06-26,8.806000000000003,6.21,United States of America,8.52
376,1990,USA,Americas,30.0,50.48403227,1990-02-28,3.292,5.51,United States of America,7.065
377,1991,USA,Americas,100.0,52.62202002,1991-06-28,8.049,5.8,United States of America,6.775
378,1992,TUR,Asia,348850.0,54.21584465,1992-03-13,27.2,6.7,Turkey,8.436
379,1992,USA,Americas,94.0,54.21584465,1992-04-25,9.856,7.2,United States of America,8.059
380,1992,USA,Americas,300.0,54.21584465,1992-06-28,6.553,5.26,United States of America,
381,1992,USA,Americas,300.0,54.21584465,1992-06-28,3.634,6.3,United States of America,7.996
382,1992,USA,Americas,300.0,54.21584465,1992-06-28,9.615,5.53,United States of America,6.682
383,1992,USA,Americas,300.0,54.21584465,1992-06-28,4.388,5.41,United States of America,
384,1992,USA,Americas,300.0,54.21584465,1992-06-28,7.502000000000002,5.49,United States of America,
385,1992,USA,Americas,300.0,54.21584465,1992-06-28,5.586,5.0,United States of America,
386,1992,USA,Americas,300.0,54.21584465,1992-06-28,5.377999999999999,5.0,United States of America,
387,1992,USA,Americas,300.0,54.21584465,1992-06-28,5.706,5.7,United States of America,7.053999999999999
388,1992,USA,Americas,300.0,54.21584465,1992-06-28,-1.1,5.77,United States of America,4.271
389,1992,USA,Americas,300.0,54.21584465,1992-06-28,-0.097,7.3,United States of America,9.296
390,1992,COD,Africa,311.0,54.21584465,1992-09-11,10.8,6.4,Democratic Republic of the Congo,7.459
391,1993,SDN,Africa,15.0,55.8161073,1993-08-01,12.5,5.5,Sudan,7.037999999999999
392,1993,USA,Americas,3000.0,55.8161073,1993-09-21,8.53,6.0,United States of America,7.396
393,1993,USA,Americas,3000.0,55.8161073,1993-09-21,8.56,5.9,United States of America,6.396
394,1994,USA,Americas,27000.0,57.27148263,1994-01-17,9.083,5.58,United States of America,6.757000000000001
395,1994,USA,Americas,27000.0,57.27148263,1994-01-17,5.395,5.2,United States of America,
396,1994,USA,Americas,27000.0,57.27148263,1994-01-17,5.317,5.89,United States of America,7.407
397,1994,USA,Americas,27000.0,57.27148263,1994-01-17,18.202,6.7,United States of America,8.794
398,1994,AFG,Asia,100330.0,57.27148263,1994-05-01,18.5,6.1,Afghanistan,7.232
399,1994,AUS,Oceania,5025.0,57.27148263,1994-08-06,10.0,5.3,Australia,6.622999999999999
400,1994,CHN,Asia,285.0,57.27148263,1994-01-03,8.2,5.7,China,7.058
401,1995,CHL,Americas,1833.0,58.87818329,1995-07-30,32.0,5.2,Chile,
402,1995,CHL,Americas,1833.0,58.87818329,1995-07-30,30.2,6.0,Chile,5.952000000000001
403,1995,CHL,Americas,1833.0,58.87818329,1995-07-30,33.0,5.0,Chile,
404,1995,CHL,Americas,1833.0,58.87818329,1995-07-30,33.0,5.4,Chile,
405,1995,CHL,Americas,1833.0,58.87818329,1995-07-30,33.0,5.9,Chile,5.65
406,1995,CHL,Americas,1833.0,58.87818329,1995-07-30,45.6,8.0,Chile,7.8260000000000005
407,1995,CHN,Asia,5060.0,58.87818329,1995-07-21,12.8,5.6,China,6.822
408,1996,CHN,Asia,5077795.0,60.60402838,1996-02-03,10.0,5.1,China,
409,1996,CHN,Asia,5077795.0,60.60402838,1996-02-03,10.0,5.0,China,
410,1996,CHN,Asia,5077795.0,60.60402838,1996-02-03,11.1,6.6,China,10.0
411,1996,CHN,Asia,200300.0,60.60402838,1996-05-03,26.0,6.0,China,6.692
412,1996,CHN,Asia,33128.0,60.60402838,1996-03-19,28.2,6.3,China,6.313
413,1996,CHN,Asia,137.0,60.60402838,1996-09-25,33.0,5.0,China,
414,1997,CHN,Asia,155040.0,62.02075732,1997-01-21,33.0,5.9,China,6.285
415,1997,CHN,Asia,500089.0,62.02075732,1997-04-06,33.0,5.0,China,
416,1997,CHN,Asia,500089.0,62.02075732,1997-04-06,33.0,5.3,China,
417,1997,CHN,Asia,500089.0,62.02075732,1997-04-06,33.0,6.0,China,5.943
418,1997,CHN,Asia,20006.0,62.02075732,1997-03-01,22.4,5.6,China,6.501
419,1997,CHN,Asia,100089.0,62.02075732,1997-04-11,15.0,6.2,China,6.809
420,1998,CHN,Asia,598000.0,62.98350111,1998-01-10,30.3,5.7,China,6.006
421,1998,AFG,Asia,116935.0,62.98350111,1998-05-30,33.0,5.0,Afghanistan,
422,1998,AFG,Asia,116935.0,62.98350111,1998-05-30,33.0,6.6,Afghanistan,6.242000000000001
423,1998,AFG,Asia,32818.0,62.98350111,1998-02-04,33.0,5.9,Afghanistan,5.744
424,1998,AZE,Asia,700010.0,62.98350111,1998-07-09,26.0,6.0,Azerbaijan,6.285
425,1998,BOL,Americas,18050.0,62.98350111,1998-05-22,33.0,5.6,Bolivia,5.8020000000000005
426,1998,BOL,Americas,18050.0,62.98350111,1998-05-22,33.0,5.3,Bolivia,
427,1998,BOL,Americas,18050.0,62.98350111,1998-05-22,24.0,6.6,Bolivia,8.057
428,1994,COL,Americas,37416.0,57.27148263,1994-06-06,12.1,6.8,Colombia,9.197000000000001
429,1994,IRN,Asia,15041.0,57.27148263,1994-03-01,12.9,6.1,Iran,7.037999999999999
430,1994,IRN,Asia,100.0,57.27148263,1994-06-20,8.6,5.9,Iran,7.587000000000001
431,1994,JPN,Asia,1500.0,57.27148263,1994-10-04,33.0,5.0,Japan,
432,1994,DZA,Africa,12789.0,57.27148263,1994-08-18,8.7,5.9,Algeria,7.1579999999999995
433,1994,IDN,Asia,67.0,57.27148263,1994-11-20,153.4,6.1,Indonesia,4.083
434,1994,IRN,Asia,1500.0,57.27148263,1994-02-23,10.0,5.4,Iran,
435,1994,IRN,Asia,1500.0,57.27148263,1994-02-23,10.0,5.5,Iran,6.7829999999999995
436,1994,IRN,Asia,1500.0,57.27148263,1994-02-23,6.0,6.1,Iran,7.859
437,1994,PHL,Asia,270866.0,57.27148263,1994-11-15,21.3,5.5,Philippines,5.848
438,1994,PHL,Asia,218.0,57.27148263,1994-05-13,33.0,5.9,Philippines,5.343999999999999
439,1995,COL,Americas,2845.0,58.87818329,1995-01-19,17.3,6.5,Colombia,6.494
440,1995,COL,Americas,15097.0,58.87818329,1995-02-08,73.5,6.4,Colombia,5.932
441,1995,CYP,Asia,1865.0,58.87818329,1995-02-23,10.0,5.3,Cyprus,
442,1995,CYP,Asia,1865.0,58.87818329,1995-02-23,10.0,5.9,Cyprus,6.718999999999999
443,1995,ECU,Americas,85.0,58.87818329,1995-03-26,90.6,5.6,Ecuador,4.015
444,1995,GRC,Europe,15060.0,58.87818329,1995-05-13,10.0,5.0,Greece,
445,1995,GRC,Europe,15060.0,58.87818329,1995-05-13,14.0,6.6,Greece,8.668
446,1995,GRC,Europe,13900.0,58.87818329,1995-06-15,14.2,6.5,Greece,7.391
447,1995,IDN,Asia,1538.0,58.87818329,1995-05-19,33.0,5.3,Indonesia,
448,1995,IDN,Asia,1538.0,58.87818329,1995-05-19,25.9,5.9,Indonesia,5.879
449,1995,JPN,Asia,1551.0,58.87818329,1995-04-01,10.8,5.4,Japan,6.5
450,1995,MEX,Americas,4670.0,58.87818329,1995-09-14,23.0,7.4,Mexico,6.556
451,1995,MEX,Americas,44465.0,58.87818329,1995-10-09,33.0,8.0,Mexico,8.357000000000001
452,1996,ECU,Americas,30705.0,60.60402838,1996-03-28,33.0,6.0,Ecuador,6.187
453,1996,PER,Americas,75970.0,60.60402838,1996-11-12,33.0,5.2,Peru,
454,1996,PER,Americas,75970.0,60.60402838,1996-11-12,33.0,5.1,Peru,
455,1997,IRN,Asia,74600.0,62.02075732,1997-05-10,10.0,5.4,Iran,
456,1997,IRN,Asia,74600.0,62.02075732,1997-05-10,10.0,7.3,Iran,9.343
457,1997,IDN,Asia,3105.0,62.02075732,1997-09-28,33.0,5.9,Indonesia,6.068
458,1997,IRN,Asia,84500.0,62.02075732,1997-02-04,10.0,6.5,Iran,8.465
459,1997,IRN,Asia,84500.0,62.02075732,1997-02-04,10.0,5.5,Iran,6.563
460,1997,IRN,Asia,38600.0,62.02075732,1997-02-28,10.0,6.1,Iran,8.238999999999999
461,1997,IRN,Asia,25500.0,62.02075732,1997-06-25,10.0,5.9,Iran,7.1160000000000005
462,1997,ITA,Europe,38100.0,62.02075732,1997-09-26,10.0,6.0,Italy,8.266
463,1997,ITA,Europe,38100.0,62.02075732,1997-09-26,10.0,5.7,Italy,7.7379999999999995
464,1997,KGZ,Asia,1230.0,62.02075732,1997-01-09,22.2,5.8,Kyrgyzstan,6.428
465,1997,MEX,Americas,12000.0,62.02075732,1997-05-22,70.0,6.5,Mexico,6.077000000000001
466,1998,IRN,Asia,1500.0,62.98350111,1998-03-14,9.0,6.6,Iran,8.191
467,1998,IRN,Asia,2935.0,62.98350111,1998-04-10,33.0,5.8,Iran,5.704
468,1998,ITA,Europe,905.0,62.98350111,1998-04-03,10.0,5.2,Italy,5.992999999999999
469,1995,RUS,Europe,750.0,58.87818329,1995-05-27,11.0,7.1,Russia,8.935
470,1995,TUR,Asia,160240.0,58.87818329,1995-10-01,33.0,5.0,Turkey,
471,1995,TUR,Asia,160240.0,58.87818329,1995-10-01,33.0,6.4,Turkey,7.879
472,1996,TUR,Asia,26006.0,60.60402838,1996-08-14,10.0,5.2,Turkey,
473,1996,TUR,Asia,26006.0,60.60402838,1996-08-14,10.0,5.7,Turkey,6.829
474,1996,TUR,Asia,26006.0,60.60402838,1996-08-14,10.0,5.8,Turkey,7.546
475,1997,VEN,Americas,4183.0,62.02075732,1997-07-09,10.0,5.2,Venezuela,
476,1997,VEN,Americas,4183.0,62.02075732,1997-07-09,10.0,5.3,Venezuela,
477,1997,VEN,Americas,4183.0,62.02075732,1997-07-09,19.9,7.0,Venezuela,7.667000000000001
478,1997,ZAF,Africa,46.0,62.02075732,1997-07-21,5.0,5.0,South Africa,6.734
479,1998,CHN,Asia,337443.0,62.98350111,1998-11-19,33.0,5.6,China,5.436
480,1998,SVN,Europe,700.0,62.98350111,1998-04-12,10.0,5.6,Slovenia,7.3870000000000005
481,1998,TUR,Asia,1016.0,62.98350111,1998-07-04,33.0,5.4,Turkey,6.08
482,1998,CHN,Asia,2000.0,62.98350111,1998-03-19,33.0,5.6,China,5.249
483,1998,CHN,Asia,25028.0,62.98350111,1998-05-28,33.0,5.1,China,
484,1998,CHN,Asia,25028.0,62.98350111,1998-05-28,33.0,5.6,China,5.906000000000001
485,1998,CHN,Asia,111862.0,62.98350111,1998-08-27,33.0,6.4,China,6.892
486,1999,AFG,Asia,91960.0,64.36159282,1999-02-11,33.0,6.0,Afghanistan,5.8870000000000005
487,1999,AZE,Asia,9168.0,64.36159282,1999-06-04,33.0,5.4,Azerbaijan,5.052
488,1999,BGD,Asia,15200.0,64.36159282,1999-07-22,10.0,5.2,Bangladesh,6.315
489,1999,CHN,Asia,16003.0,64.36159282,1999-03-11,33.0,5.1,China,4.454
490,1999,CHN,Asia,3020004.0,64.36159282,1999-11-01,10.0,5.3,China,5.2
491,1999,CHN,Asia,800.0,64.36159282,1999-11-29,10.0,5.0,China,5.0
492,2000,CHN,Asia,1855007.0,66.53499421,2000-01-14,33.0,5.9,China,5.928
493,2000,CHN,Asia,1855007.0,66.53499421,2000-01-14,33.0,5.5,China,5.377999999999999
494,2000,CHN,Asia,10302.0,66.53499421,2000-01-26,33.0,5.2,China,
495,2000,CHN,Asia,62030.0,66.53499421,2000-01-11,10.0,5.1,China,4.6
496,2000,CHN,Asia,100.0,66.53499421,2000-06-06,10.0,5.6,China,6.566
497,1998,IRN,Asia,4355.0,62.98350111,1998-11-13,33.0,5.4,Iran,5.251
498,1998,IDN,Asia,6448.0,62.98350111,1998-11-29,33.0,5.7,Indonesia,5.2
499,1998,ECU,Americas,2040.0,62.98350111,1998-08-04,33.0,7.2,Ecuador,7.055
500,1998,IDN,Asia,500.0,62.98350111,1998-09-28,151.6,6.6,Indonesia,5.109
501,1998,IRN,Asia,500.0,62.98350111,1998-10-05,38.6,5.4,Iran,4.486000000000001
502,1999,COL,Americas,1205933.0,64.36159282,1999-01-25,10.0,5.5,Colombia,6.385
503,1999,COL,Americas,1205933.0,64.36159282,1999-01-25,17.0,6.1,Colombia,9.004
504,1999,MEX,Americas,16200.0,64.36159282,1999-06-15,70.0,7.0,Mexico,7.334
505,1999,DZA,Africa,15175.0,64.36159282,1999-12-22,10.0,5.6,Algeria,6.968999999999999
506,1999,GRC,Europe,115139.0,64.36159282,1999-09-07,10.0,6.0,Greece,8.804
507,1999,GTM,Americas,280.0,64.36159282,1999-07-11,10.0,6.7,Guatemala,7.7410000000000005
508,1999,IDN,Asia,16920.0,64.36159282,1999-12-21,56.0,6.5,Indonesia,6.251
509,1999,IND,Asia,477894.0,64.36159282,1999-03-28,10.0,5.4,India,
510,1999,IND,Asia,477894.0,64.36159282,1999-03-28,15.0,6.6,India,7.49
511,1999,IRN,Asia,2690.0,64.36159282,1999-03-04,33.0,5.3,Iran,
512,1999,IRN,Asia,2690.0,64.36159282,1999-03-04,33.0,5.2,Iran,
513,1999,IRN,Asia,2690.0,64.36159282,1999-03-04,33.0,5.0,Iran,
514,1999,IRN,Asia,2690.0,64.36159282,1999-03-04,33.0,5.1,Iran,
515,1999,IRN,Asia,2690.0,64.36159282,1999-03-04,33.0,5.6,Iran,4.587
516,1999,IRN,Asia,2690.0,64.36159282,1999-03-04,33.0,6.6,Iran,7.074
517,1999,IRN,Asia,4100.0,64.36159282,1999-05-06,33.0,5.3,Iran,
518,1999,IRN,Asia,4100.0,64.36159282,1999-05-06,33.0,6.2,Iran,6.311
519,1999,IRN,Asia,250.0,64.36159282,1999-11-26,33.0,5.3,Iran,4.3
520,1999,MEX,Americas,115215.0,64.36159282,1999-09-30,60.6,7.5,Mexico,7.9639999999999995
521,1999,MEX,Americas,6500.0,64.36159282,1999-06-21,68.7,6.3,Mexico,5.778
522,2000,JPN,Asia,7132.0,66.53499421,2000-10-06,10.0,6.7,Japan,8.369
523,2000,IDN,Asia,52770.0,66.53499421,2000-05-04,33.0,5.0,Indonesia,
524,2000,IDN,Asia,52770.0,66.53499421,2000-05-04,33.0,5.1,Indonesia,
525,2000,IDN,Asia,52770.0,66.53499421,2000-05-04,33.0,5.4,Indonesia,
526,2000,IDN,Asia,4124.0,66.53499421,2000-07-12,33.0,5.4,Indonesia,5.297999999999999
527,2000,IDN,Asia,5500.0,66.53499421,2000-10-25,33.0,5.3,Indonesia,
528,2000,IDN,Asia,5500.0,66.53499421,2000-10-25,38.0,6.8,Indonesia,6.306
529,2000,IRN,Asia,2015.0,66.53499421,2000-02-02,33.0,5.3,Iran,6.852
530,2000,ISL,Europe,108.0,66.53499421,2000-06-21,10.0,6.5,Iceland,8.549
531,2000,ISL,Europe,91.0,66.53499421,2000-06-17,10.0,5.7,Iceland,7.185
532,2000,ISL,Europe,91.0,66.53499421,2000-06-17,10.0,6.5,Iceland,8.388
533,2000,MEX,Americas,1.0,66.53499421,2000-08-09,45.8,6.5,Mexico,6.287000000000001
534,2000,NIC,Americas,7477.0,66.53499421,2000-07-06,33.0,5.1,Nicaragua,
535,2000,NIC,Americas,7477.0,66.53499421,2000-07-06,33.0,5.4,Nicaragua,4.3
536,1999,PER,Americas,1550.0,64.36159282,1999-04-03,87.2,6.8,Peru,6.559
537,1999,TUR,Asia,224948.0,64.36159282,1999-11-12,10.0,5.2,Turkey,
538,1999,TUR,Asia,224948.0,64.36159282,1999-11-12,10.0,5.5,Turkey,6.585
539,1999,TUR,Asia,224948.0,64.36159282,1999-11-12,10.0,7.2,Turkey,9.009
540,1999,TWN,Asia,108664.0,64.36159282,1999-09-21,33.0,5.1,Taiwan,
541,1999,TWN,Asia,108664.0,64.36159282,1999-09-21,33.0,5.2,Taiwan,
542,1999,TWN,Asia,108664.0,64.36159282,1999-09-21,13.7,5.2,Taiwan,
543,1999,PHL,Asia,190.0,64.36159282,1999-12-12,33.0,5.1,Philippines,
544,1999,RUS,Europe,5020.0,64.36159282,1999-02-21,65.0,5.3,Russia,4.077
545,1999,TUR,Asia,1358953.0,64.36159282,1999-08-17,10.0,5.1,Turkey,
546,1999,TUR,Asia,1358953.0,64.36159282,1999-08-17,10.0,5.0,Turkey,
547,1999,TUR,Asia,422.0,64.36159282,1999-09-13,13.0,5.9,Turkey,7.992999999999999
548,1999,TUR,Asia,103.0,64.36159282,1999-10-05,33.0,5.2,Turkey,5.287999999999999
549,1999,TUR,Asia,166.0,64.36159282,1999-08-31,10.0,5.2,Turkey,6.075
550,1999,TUR,Asia,200.0,64.36159282,1999-11-11,22.0,5.7,Turkey,6.647
551,1999,TWN,Asia,254.0,64.36159282,1999-10-22,33.0,5.6,Taiwan,5.235
552,1999,TWN,Asia,254.0,64.36159282,1999-10-22,33.0,5.9,Taiwan,5.599
553,2000,RUS,Europe,19108.0,66.53499421,2000-08-04,10.0,5.3,Russia,
554,2000,RUS,Europe,19108.0,66.53499421,2000-08-04,10.0,6.8,Russia,6.808
555,2000,PNG,Oceania,5000.0,66.53499421,2000-11-16,33.0,5.1,Papua New Guinea,
556,2000,PNG,Oceania,5000.0,66.53499421,2000-11-16,33.0,5.2,Papua New Guinea,
557,2000,PNG,Oceania,5000.0,66.53499421,2000-11-16,33.0,5.0,Papua New Guinea,
558,2000,PNG,Oceania,5000.0,66.53499421,2000-11-16,33.0,5.5,Papua New Guinea,5.447
559,2000,TUR,Asia,23080.0,66.53499421,2000-06-06,10.0,6.0,Turkey,6.904
560,2000,TZA,Africa,791.0,66.53499421,2000-10-02,34.0,6.5,United Republic of Tanzania,6.124
561,2001,AFG,Asia,270.0,68.41537906,2001-06-01,62.1,5.0,Afghanistan,3.471
562,2001,CHN,Asia,300109.0,68.41537906,2001-02-23,33.0,5.6,China,5.211
563,2002,AFG,Asia,3513.0,69.50047255,2002-03-03,225.6,7.4,Afghanistan,5.28
564,2002,AFG,Asia,3513.0,69.50047255,2002-03-03,209.0,6.3,Afghanistan,3.8819999999999997
565,2002,AFG,Asia,91228.0,69.50047255,2002-03-25,10.0,5.1,Afghanistan,
566,2002,AFG,Asia,91228.0,69.50047255,2002-03-25,8.0,6.1,Afghanistan,7.43
567,2002,AFG,Asia,6150.0,69.50047255,2002-04-12,10.0,5.1,Afghanistan,
568,2002,AFG,Asia,6150.0,69.50047255,2002-04-12,10.0,5.9,Afghanistan,6.33
569,2002,ARG,Americas,727.0,69.50047255,2002-05-28,22.2,6.0,Argentina,6.422999999999999
570,2001,CHN,Asia,150190.0,68.41537906,2001-04-12,10.0,5.6,China,6.608
571,2001,CHN,Asia,10605.0,68.41537906,2001-05-23,33.0,5.5,China,5.045
572,2001,CHN,Asia,17220.0,68.41537906,2001-10-27,10.0,5.6,China,6.742000000000001
573,2001,IDN,Asia,12512.0,68.41537906,2001-06-28,36.9,5.0,Indonesia,3.8
574,2001,IND,Asia,6321812.0,68.41537906,2001-01-26,10.0,5.5,India,7.136
575,2001,IND,Asia,6321812.0,68.41537906,2001-01-26,10.0,5.1,India,6.574
576,2001,IND,Asia,6321812.0,68.41537906,2001-01-26,10.0,5.2,India,6.742999999999999
577,2001,IND,Asia,6321812.0,68.41537906,2001-01-26,10.0,5.3,India,6.885
578,2001,IND,Asia,6321812.0,68.41537906,2001-01-26,16.0,7.7,India,9.422
579,2001,JPN,Asia,11261.0,68.41537906,2001-03-24,50.0,6.8,Japan,6.91
580,2002,IDN,Asia,9082.0,69.50047255,2002-10-10,10.0,6.0,Indonesia,6.522
581,2002,IDN,Asia,9082.0,69.50047255,2002-10-10,10.0,5.0,Indonesia,
582,2002,IDN,Asia,9082.0,69.50047255,2002-10-10,10.0,5.9,Indonesia,6.567
583,2002,IDN,Asia,9082.0,69.50047255,2002-10-10,10.0,6.0,Indonesia,6.6129999999999995
584,2002,IDN,Asia,9082.0,69.50047255,2002-10-10,10.0,6.7,Indonesia,6.77
585,2002,IDN,Asia,9082.0,69.50047255,2002-10-10,10.0,5.5,Indonesia,6.521
586,2002,IDN,Asia,9082.0,69.50047255,2002-10-10,10.0,5.1,Indonesia,
587,2002,IDN,Asia,9082.0,69.50047255,2002-10-10,10.0,5.3,Indonesia,
588,2002,IDN,Asia,9082.0,69.50047255,2002-10-10,10.0,5.4,Indonesia,
589,2002,ITA,Europe,8533.0,69.50047255,2002-10-31,10.0,5.9,Italy,7.4079999999999995
590,2002,CHN,Asia,378.0,69.50047255,2002-08-08,33.0,5.3,China,4.515
591,2002,CHN,Asia,65500.0,69.50047255,2002-12-14,22.0,5.6,China,6.056
592,2002,IDN,Asia,2548.0,69.50047255,2002-08-15,10.0,5.0,Indonesia,
593,2002,IDN,Asia,2548.0,69.50047255,2002-08-15,10.0,6.2,Indonesia,7.2170000000000005
594,2002,IDN,Asia,155.0,69.50047255,2002-09-20,10.0,6.0,Indonesia,6.614
595,2002,IDN,Asia,60.0,69.50047255,2002-11-02,23.5,5.2,Indonesia,
596,2002,IRN,Asia,780.0,69.50047255,2002-02-17,33.0,5.4,Iran,4.796
597,2002,IRN,Asia,20056.0,69.50047255,2002-04-24,33.0,5.4,Iran,5.534
598,2002,IRN,Asia,111300.0,69.50047255,2002-06-22,10.0,6.5,Iran,8.262
599,2002,IRN,Asia,15015.0,69.50047255,2002-12-24,33.0,5.2,Iran,4.87
600,2002,IRN,Asia,5.0,69.50047255,2002-09-25,10.0,5.6,Iran,5.905
601,2003,IDN,Asia,2502.0,71.07819758,2003-01-23,33.0,5.5,Indonesia,5.432
602,2003,IRN,Asia,10080.0,71.07819758,2003-01-11,33.0,5.2,Iran,4.538
603,2001,PNG,Oceania,201.0,68.41537906,2001-06-05,10.0,6.0,Papua New Guinea,6.593
604,2001,PNG,Oceania,201.0,68.41537906,2001-06-05,10.0,5.0,Papua New Guinea,
605,2001,PNG,Oceania,201.0,68.41537906,2001-06-05,10.0,5.2,Papua New Guinea,
606,2001,PNG,Oceania,201.0,68.41537906,2001-06-05,10.0,5.5,Papua New Guinea,6.428
607,2001,PNG,Oceania,201.0,68.41537906,2001-06-05,10.0,6.4,Papua New Guinea,6.718999999999999
608,2001,SLV,Americas,256021.0,68.41537906,2001-02-13,10.0,6.6,El Salvador,7.504
609,2001,PER,Americas,349978.0,68.41537906,2001-06-23,33.0,5.0,Peru,
610,2001,PER,Americas,155.0,68.41537906,2001-12-04,33.0,5.0,Peru,
611,2001,PER,Americas,155.0,68.41537906,2001-12-04,33.0,5.8,Peru,6.045
612,2001,PER,Americas,3965.0,68.41537906,2001-08-09,33.0,5.2,Peru,
613,2001,PER,Americas,3965.0,68.41537906,2001-08-09,33.0,5.8,Peru,6.007999999999999
614,2001,TUR,Asia,480.0,68.41537906,2001-06-25,5.0,5.5,Turkey,6.93
615,2001,TUR,Asia,131.0,68.41537906,2001-07-10,33.0,5.4,Turkey,5.117
616,2001,USA,Americas,400.0,68.41537906,2001-02-28,51.798,6.8,United States of America,6.933
617,2002,PAK,Asia,15065.0,69.50047255,2002-11-02,33.0,5.2,Pakistan,
618,2002,PAK,Asia,140782.0,69.50047255,2002-11-20,33.0,5.0,Pakistan,
619,2002,PAK,Asia,140782.0,69.50047255,2002-11-20,33.0,6.3,Pakistan,5.752999999999999
620,2002,PNG,Oceania,1000.0,69.50047255,2002-01-10,11.0,6.7,Papua New Guinea,7.685
621,2002,TJK,Asia,1050.0,69.50047255,2002-01-09,33.0,5.3,Tajikistan,4.654
622,2002,TUR,Asia,252327.0,69.50047255,2002-02-03,10.0,5.3,Turkey,
623,2002,TUR,Asia,252327.0,69.50047255,2002-02-03,10.0,6.0,Turkey,6.747000000000001
624,2002,TUR,Asia,252327.0,69.50047255,2002-02-03,10.0,5.5,Turkey,6.3660000000000005
625,2002,TUR,Asia,252327.0,69.50047255,2002-02-03,5.0,6.5,Turkey,7.349
626,2002,TZA,Africa,2000.0,69.50047255,2002-05-18,10.0,5.5,United Republic of Tanzania,6.893
627,2003,TUR,Asia,2.0,71.07819758,2003-01-27,10.0,6.1,Turkey,7.62
628,2004,AFG,Asia,1040.0,72.98112921,2004-07-18,10.0,5.2,Afghanistan,5.941
629,2003,JPN,Asia,2303.0,71.07819758,2003-05-26,68.0,7.0,Japan,7.206
630,2003,BGD,Asia,2525.0,71.07819758,2003-07-26,10.0,5.7,Bangladesh,7.48
631,2003,CHN,Asia,1295584.0,71.07819758,2003-07-21,10.0,6.0,China,7.329
632,2003,DOM,Americas,2015.0,71.07819758,2003-09-22,10.0,6.4,Dominican Republic,6.676
633,2003,GRC,Europe,50.0,71.07819758,2003-08-14,10.0,6.3,Greece,8.468
634,2003,ITA,Europe,232.0,71.07819758,2003-04-11,4.0,5.0,Italy,7.1
635,2003,JPN,Asia,18191.0,71.07819758,2003-07-25,6.0,6.1,Japan,7.555
636,2003,JPN,Asia,18191.0,71.07819758,2003-07-25,10.0,5.5,Japan,6.032
637,2003,CHN,Asia,517000.0,71.07819758,2003-02-24,10.0,5.2,China,
638,2003,CHN,Asia,517000.0,71.07819758,2003-02-24,11.0,6.3,China,7.5760000000000005
639,2003,CHN,Asia,3300.0,71.07819758,2003-04-17,14.0,6.4,China,7.39
640,2003,CHN,Asia,8003.0,71.07819758,2003-05-04,10.0,5.8,China,7.162999999999999
641,2003,CHN,Asia,455500.0,71.07819758,2003-08-16,24.4,5.4,China,6.3839999999999995
642,2003,CHN,Asia,60056.0,71.07819758,2003-10-16,33.0,5.6,China,5.442
643,2003,CHN,Asia,275043.0,71.07819758,2003-10-25,10.0,5.2,China,
644,2003,CHN,Asia,275043.0,71.07819758,2003-10-25,10.0,5.8,China,7.045
645,2003,CHN,Asia,275043.0,71.07819758,2003-10-25,10.0,5.8,China,7.064
646,2003,CHN,Asia,23369.0,71.07819758,2003-11-13,10.0,5.1,China,4.8
647,2003,CHN,Asia,493065.0,71.07819758,2003-11-14,33.0,5.6,China,5.31
648,2003,CHN,Asia,6018.0,71.07819758,2003-12-01,10.0,5.2,China,
649,2003,CHN,Asia,6018.0,71.07819758,2003-12-01,10.0,5.0,China,
650,2003,IDN,Asia,500.0,71.07819758,2003-08-11,10.0,5.5,Indonesia,6.454
651,2003,IRN,Asia,1091.0,71.07819758,2003-07-03,40.8,5.2,Iran,4.237
652,2003,IRN,Asia,17525.0,71.07819758,2003-07-10,10.0,5.7,Iran,7.039
653,2003,IRN,Asia,17525.0,71.07819758,2003-07-10,10.0,5.8,Iran,7.143
654,2003,IRN,Asia,267628.0,71.07819758,2003-12-26,10.0,5.1,Iran,
655,2003,IRN,Asia,267628.0,71.07819758,2003-12-26,10.0,6.6,Iran,8.812000000000001
656,2003,IRN,Asia,725.0,71.07819758,2003-12-11,33.0,5.0,Iran,3.9
657,2004,JPN,Asia,62183.0,72.98112921,2004-10-23,14.5,5.2,Japan,
658,2004,JPN,Asia,62183.0,72.98112921,2004-10-23,10.8,5.2,Japan,
659,2004,JPN,Asia,62183.0,72.98112921,2004-10-23,10.0,5.7,Japan,6.242000000000001
660,2004,JPN,Asia,62183.0,72.98112921,2004-10-23,10.0,5.7,Japan,5.648
661,2004,JPN,Asia,62183.0,72.98112921,2004-10-23,10.0,5.6,Japan,6.439
662,2004,JPN,Asia,62183.0,72.98112921,2004-10-23,10.0,6.3,Japan,7.575
663,2004,JPN,Asia,62183.0,72.98112921,2004-10-23,18.0,5.8,Japan,6.34
664,2004,JPN,Asia,62183.0,72.98112921,2004-10-23,10.0,5.4,Japan,
665,2004,JPN,Asia,62183.0,72.98112921,2004-10-23,10.5,6.1,Japan,6.415
666,2004,JPN,Asia,62183.0,72.98112921,2004-10-23,10.0,5.7,Japan,6.481
667,2004,JPN,Asia,62183.0,72.98112921,2004-10-23,16.0,6.6,Japan,8.023
668,2004,IDN,Asia,14072.0,72.98112921,2004-02-05,19.0,5.0,Indonesia,
669,2004,IDN,Asia,14072.0,72.98112921,2004-02-05,14.9,5.0,Indonesia,
670,2004,IDN,Asia,14072.0,72.98112921,2004-02-05,10.0,5.1,Indonesia,
671,2004,IDN,Asia,14072.0,72.98112921,2004-02-05,10.0,5.0,Indonesia,
672,2004,IDN,Asia,14072.0,72.98112921,2004-02-05,37.1,5.9,Indonesia,5.794
673,2004,IDN,Asia,14072.0,72.98112921,2004-02-05,16.6,7.0,Indonesia,6.757000000000001
674,2004,IDN,Asia,12833.0,72.98112921,2004-11-26,10.0,5.1,Indonesia,
675,2004,IDN,Asia,12833.0,72.98112921,2004-11-26,10.0,5.5,Indonesia,6.474
676,2004,IDN,Asia,12833.0,72.98112921,2004-11-26,10.0,5.9,Indonesia,6.607
677,2004,IDN,Asia,12833.0,72.98112921,2004-11-26,10.0,5.0,Indonesia,
678,2004,IDN,Asia,12833.0,72.98112921,2004-11-26,10.0,5.2,Indonesia,
679,2004,IDN,Asia,12833.0,72.98112921,2004-11-26,10.0,7.1,Indonesia,6.821000000000001
680,2004,CRI,Americas,280.0,72.98112921,2004-11-20,16.0,6.4,Costa Rica,6.502999999999999
681,2004,IDN,Asia,83381.0,72.98112921,2004-11-11,10.0,6.4,Indonesia,6.707000000000001
682,2004,IRN,Asia,498.0,72.98112921,2004-05-28,17.0,6.3,Iran,6.976
683,2004,IDN,Asia,532898.0,72.98112921,2004-12-26,30.0,5.5,Indonesia,5.787999999999999
684,2004,IDN,Asia,532898.0,72.98112921,2004-12-26,30.0,5.3,Indonesia,
685,2004,CHN,Asia,190100.0,72.98112921,2004-03-24,18.8,5.5,China,6.803999999999999
686,2004,CHN,Asia,120600.0,72.98112921,2004-08-10,6.3,5.4,China,6.822
687,2004,CHN,Asia,22019.0,72.98112921,2004-09-07,10.0,5.2,China,6.034
688,2004,CHN,Asia,4199.0,72.98112921,2004-05-04,10.0,5.2,China,
689,2004,CHN,Asia,4199.0,72.98112921,2004-05-04,13.5,5.5,China,6.412000000000001
690,2004,COL,Americas,502.0,72.98112921,2004-08-18,26.5,5.1,Colombia,5.109
691,2004,IDN,Asia,507.0,72.98112921,2004-02-16,55.8,5.1,Indonesia,3.8
692,2004,IND,Asia,654512.0,72.98112921,2004-12-26,30.0,5.4,India,
693,2004,IND,Asia,654512.0,72.98112921,2004-12-26,30.0,5.7,India,5.3
694,2005,IDN,Asia,105313.0,75.45719958,2005-03-28,30.0,5.0,Indonesia,
695,2005,IDN,Asia,105313.0,75.45719958,2005-03-28,36.1,5.1,Indonesia,
696,2005,IDN,Asia,105313.0,75.45719958,2005-03-28,23.8,5.1,Indonesia,
697,2005,IDN,Asia,105313.0,75.45719958,2005-03-28,30.9,5.8,Indonesia,5.233
698,2005,IDN,Asia,105313.0,75.45719958,2005-03-28,30.0,5.4,Indonesia,
699,2005,IDN,Asia,105313.0,75.45719958,2005-03-28,36.1,6.1,Indonesia,5.611000000000001
700,2005,IDN,Asia,105313.0,75.45719958,2005-03-28,30.0,5.2,Indonesia,
701,2005,IDN,Asia,105313.0,75.45719958,2005-03-28,30.0,5.9,Indonesia,5.359
702,2005,IDN,Asia,105313.0,75.45719958,2005-03-28,30.0,8.6,Indonesia,8.475
703,2005,IDN,Asia,684.0,75.45719958,2005-01-23,22.9,5.3,Indonesia,
704,2005,IDN,Asia,684.0,75.45719958,2005-01-23,11.0,6.3,Indonesia,7.374
705,2005,IDN,Asia,684.0,75.45719958,2005-01-23,28.9,5.3,Indonesia,
706,2005,IRN,Asia,110.0,75.45719958,2005-01-10,31.9,5.4,Iran,5.3870000000000005
707,2005,IRN,Asia,94766.0,75.45719958,2005-02-22,14.0,6.4,Iran,7.9879999999999995
708,2003,RUS,Europe,1805.0,71.07819758,2003-09-27,10.0,5.3,Russia,
709,2003,RUS,Europe,1805.0,71.07819758,2003-09-27,10.0,6.4,Russia,7.388999999999999
710,2003,RUS,Europe,1805.0,71.07819758,2003-09-27,10.0,5.0,Russia,
711,2003,RUS,Europe,1805.0,71.07819758,2003-09-27,10.0,5.1,Russia,
712,2003,RUS,Europe,1805.0,71.07819758,2003-09-27,10.0,5.4,Russia,
713,2003,RUS,Europe,1805.0,71.07819758,2003-09-27,16.0,7.3,Russia,7.388999999999999
714,2003,PAN,Americas,1075.0,71.07819758,2003-12-25,33.0,6.5,Panama,6.0360000000000005
715,2003,TUR,Asia,290520.0,71.07819758,2003-05-01,10.0,6.4,Turkey,9.049
716,2003,TUR,Asia,240.0,71.07819758,2003-07-26,10.0,5.4,Turkey,6.332999999999999
717,2003,TUR,Asia,170.0,71.07819758,2003-04-10,10.0,5.8,Turkey,6.763
718,2003,USA,Americas,160.0,71.07819758,2003-12-22,8.382,6.5,United States of America,8.571
719,2004,PAK,Asia,13148.0,72.98112921,2004-02-14,11.0,5.4,Pakistan,6.077000000000001
720,2004,PAK,Asia,13148.0,72.98112921,2004-02-14,11.0,5.5,Pakistan,7.922000000000001
721,2004,SVN,Europe,605.0,72.98112921,2004-07-12,7.7,5.2,Slovenia,5.952000000000001
722,2004,TUR,Asia,32530.0,72.98112921,2004-03-28,5.0,5.6,Turkey,6.587000000000001
723,2004,MAR,Africa,13465.0,72.98112921,2004-02-24,0.0,6.4,Morocco,9.038
724,2004,MMR,Asia,15700.0,72.98112921,2004-12-26,38.5,5.8,Myanmar,5.521
725,2004,TUR,Asia,4030.0,72.98112921,2004-03-25,10.0,5.6,Turkey,6.816
726,2004,TUR,Asia,356.0,72.98112921,2004-07-01,5.0,5.1,Turkey,5.746
727,2005,TUR,Asia,422.0,75.45719958,2005-01-25,41.2,5.9,Turkey,5.72
728,2005,TUR,Asia,2268.0,75.45719958,2005-03-14,5.0,5.8,Turkey,7.035
729,2005,ZAF,Africa,58.0,75.45719958,2005-03-09,5.0,5.0,South Africa,6.728
730,2006,AFG,Asia,935.0,77.89139999,2006-07-29,10.0,5.4,Afghanistan,
731,2006,AFG,Asia,935.0,77.89139999,2006-07-29,34.2,5.6,Afghanistan,5.092
732,2005,CHL,Americas,27645.0,75.45719958,2005-06-13,115.6,7.8,Chile,7.018
733,2005,CHN,Asia,615500.0,75.45719958,2005-11-26,11.1,5.2,China,6.632999999999999
734,2005,CHN,Asia,18509.0,75.45719958,2005-08-05,42.4,5.2,China,4.22
735,2005,IRN,Asia,100.0,75.45719958,2005-11-27,10.0,5.5,Iran,6.957000000000001
736,2005,IRN,Asia,100.0,75.45719958,2005-11-27,10.0,5.0,Iran,
737,2005,IRN,Asia,100.0,75.45719958,2005-11-27,10.0,5.9,Iran,7.231
738,2005,IRN,Asia,21912.0,75.45719958,2005-03-13,54.0,6.0,Iran,5.472
739,2006,CHN,Asia,45551.0,77.89139999,2006-08-25,21.8,5.0,China,3.8
740,2006,IDN,Asia,1200.0,77.89139999,2006-12-17,30.0,5.8,Indonesia,6.029
741,2006,IDN,Asia,1202.0,77.89139999,2006-03-14,30.1,6.7,Indonesia,6.584
742,2006,DZA,Africa,319.0,77.89139999,2006-03-20,10.0,5.2,Algeria,5.9
743,2006,IDN,Asia,3177923.0,77.89139999,2006-05-26,12.5,6.3,Indonesia,7.602
744,2006,IDN,Asia,114.0,77.89139999,2006-12-01,204.0,6.3,Indonesia,3.928
745,2006,IDN,Asia,35543.0,77.89139999,2006-07-17,7.1,5.0,Indonesia,
746,2006,IRN,Asia,7006.0,77.89139999,2006-02-28,18.0,6.0,Iran,6.079
747,2006,IRN,Asia,161418.0,77.89139999,2006-03-31,10.0,5.1,Iran,
748,2006,IRN,Asia,161418.0,77.89139999,2006-03-31,7.0,6.1,Iran,8.391
749,2006,IRN,Asia,70.0,77.89139999,2006-05-07,14.1,5.0,Iran,5.372000000000001
750,2005,PAK,Asia,5128309.0,75.45719958,2005-10-08,10.0,5.4,Pakistan,
751,2005,PAK,Asia,5128309.0,75.45719958,2005-10-08,12.0,5.7,Pakistan,6.556
752,2005,PAK,Asia,5128309.0,75.45719958,2005-10-08,10.0,5.2,Pakistan,
753,2005,PAK,Asia,5128309.0,75.45719958,2005-10-08,10.0,5.7,Pakistan,6.601
754,2005,PAK,Asia,5128309.0,75.45719958,2005-10-08,10.0,5.6,Pakistan,6.612
755,2005,PAK,Asia,5128309.0,75.45719958,2005-10-08,10.0,5.0,Pakistan,
756,2005,PAK,Asia,5128309.0,75.45719958,2005-10-08,10.0,5.1,Pakistan,
757,2005,PAK,Asia,5128309.0,75.45719958,2005-10-08,8.0,6.4,Pakistan,7.3389999999999995
758,2005,PAK,Asia,5128309.0,75.45719958,2005-10-08,10.0,5.3,Pakistan,
759,2005,PAK,Asia,5128309.0,75.45719958,2005-10-08,10.0,5.5,Pakistan,6.369
760,2005,PAK,Asia,5128309.0,75.45719958,2005-10-08,10.0,5.7,Pakistan,6.822
761,2005,PAK,Asia,5128309.0,75.45719958,2005-10-08,10.0,5.6,Pakistan,6.7620000000000005
762,2005,PAK,Asia,5128309.0,75.45719958,2005-10-08,10.0,5.6,Pakistan,6.496
763,2005,PAK,Asia,5128309.0,75.45719958,2005-10-08,10.0,5.8,Pakistan,7.085
764,2005,PAK,Asia,5128309.0,75.45719958,2005-10-08,10.0,5.7,Pakistan,6.7589999999999995
765,2005,PAK,Asia,5128309.0,75.45719958,2005-10-08,10.0,5.9,Pakistan,6.949
766,2005,PAK,Asia,5128309.0,75.45719958,2005-10-08,26.0,7.6,Pakistan,8.776
767,2005,PER,Americas,2505.0,75.45719958,2005-09-26,115.0,7.5,Peru,7.23
768,2005,PNG,Oceania,200.0,75.45719958,2005-06-04,26.0,6.1,Papua New Guinea,6.209
769,2005,TUR,Asia,354.0,75.45719958,2005-06-06,10.0,5.6,Turkey,6.513999999999999
770,2005,TZA,Africa,5000.0,75.45719958,2005-12-05,22.0,6.8,United Republic of Tanzania,7.169
771,2006,MOZ,Africa,1476.0,77.89139999,2006-02-22,10.0,5.4,Mozambique,
772,2006,MOZ,Africa,1476.0,77.89139999,2006-02-22,11.0,7.0,Mozambique,8.758
773,2006,RUS,Europe,12040.0,77.89139999,2006-04-20,10.0,5.0,Russia,
774,2006,RUS,Europe,12040.0,77.89139999,2006-04-20,10.0,5.4,Russia,
775,2006,RUS,Europe,12040.0,77.89139999,2006-04-20,10.0,5.2,Russia,
776,2006,RUS,Europe,12040.0,77.89139999,2006-04-20,10.0,6.1,Russia,
777,2006,RUS,Europe,12040.0,77.89139999,2006-04-20,22.0,7.6,Russia,7.782
778,2007,IDN,Asia,459567.0,80.11339326,2007-09-12,42.2,5.0,Indonesia,
779,2007,IDN,Asia,459567.0,80.11339326,2007-09-12,35.0,5.5,Indonesia,4.282
780,2007,IDN,Asia,459567.0,80.11339326,2007-09-12,35.0,5.0,Indonesia,
781,2007,CHL,Americas,25155.0,80.11339326,2007-11-14,48.8,5.0,Chile,
782,2007,CHL,Americas,25155.0,80.11339326,2007-11-14,25.8,5.0,Chile,
783,2007,CHL,Americas,25155.0,80.11339326,2007-11-14,38.0,5.7,Chile,5.018
784,2007,CHL,Americas,25155.0,80.11339326,2007-11-14,46.0,5.1,Chile,
785,2007,CHL,Americas,25155.0,80.11339326,2007-11-14,39.4,5.0,Chile,
786,2007,CHL,Americas,25155.0,80.11339326,2007-11-14,43.8,5.3,Chile,
787,2007,CHL,Americas,25155.0,80.11339326,2007-11-14,24.8,5.2,Chile,
788,2007,CHL,Americas,25155.0,80.11339326,2007-11-14,40.0,7.7,Chile,7.284
789,2007,CHN,Asia,329.0,80.11339326,2007-06-02,5.0,6.1,China,7.5729999999999995
790,2007,HND,Americas,1883.0,80.11339326,2007-09-15,32.8,5.3,Honduras,4.648
791,2007,IDN,Asia,137660.0,80.11339326,2007-03-06,20.0,5.0,Indonesia,
792,2007,IDN,Asia,137660.0,80.11339326,2007-03-06,11.0,6.3,Indonesia,6.665
793,2007,IDN,Asia,137660.0,80.11339326,2007-03-06,19.0,6.4,Indonesia,6.947
794,2008,CHN,Asia,45976596.0,83.18902296,2008-05-12,10.0,5.1,China,
795,2008,CHN,Asia,45976596.0,83.18902296,2008-05-12,10.0,5.2,China,
796,2008,CHN,Asia,45976596.0,83.18902296,2008-05-12,32.7,5.3,China,
797,2008,CHN,Asia,45976596.0,83.18902296,2008-05-12,21.7,5.6,China,6.1160000000000005
798,2008,CHN,Asia,45976596.0,83.18902296,2008-05-12,34.8,5.0,China,
799,2008,CHN,Asia,45976596.0,83.18902296,2008-05-12,10.0,5.0,China,
800,2008,CHN,Asia,45976596.0,83.18902296,2008-05-12,17.4,5.0,China,
801,2008,CHN,Asia,45976596.0,83.18902296,2008-05-12,18.3,5.0,China,
802,2008,CHN,Asia,45976596.0,83.18902296,2008-05-12,10.0,6.1,China,7.02
803,2008,CHN,Asia,45976596.0,83.18902296,2008-05-12,10.0,5.5,China,6.521
804,2008,CHN,Asia,45976596.0,83.18902296,2008-05-12,10.0,5.3,China,
805,2008,CHN,Asia,45976596.0,83.18902296,2008-05-12,10.0,5.4,China,
806,2008,CHN,Asia,45976596.0,83.18902296,2008-05-12,10.0,5.8,China,6.96
807,2008,CHN,Asia,45976596.0,83.18902296,2008-05-12,10.0,5.7,China,7.06
808,2008,CHN,Asia,45976596.0,83.18902296,2008-05-12,10.0,5.7,China,6.694
809,2008,CHN,Asia,45976596.0,83.18902296,2008-05-12,19.0,7.9,China,9.08
810,2008,COL,Americas,1754.0,83.18902296,2008-05-24,8.9,5.9,Colombia,6.617000000000001
811,2008,GRC,Europe,3708.0,83.18902296,2008-06-08,16.0,6.4,Greece,7.696000000000001
812,2008,CHN,Asia,13529.0,83.18902296,2008-08-05,10.0,5.0,China,
813,2008,CHN,Asia,13529.0,83.18902296,2008-08-05,6.0,6.0,China,7.271
814,2008,CHN,Asia,1000589.0,83.18902296,2008-08-30,10.0,5.0,China,
815,2008,CHN,Asia,1000589.0,83.18902296,2008-08-30,10.0,5.3,China,
816,2008,CHN,Asia,1000589.0,83.18902296,2008-08-30,11.0,6.0,China,7.156000000000001
817,2008,CHN,Asia,754.0,83.18902296,2008-10-06,10.0,5.2,China,
818,2008,CHN,Asia,754.0,83.18902296,2008-10-06,10.0,5.1,China,
819,2008,CHN,Asia,754.0,83.18902296,2008-10-06,10.0,5.0,China,
820,2008,CHN,Asia,754.0,83.18902296,2008-10-06,12.0,6.3,China,7.231
821,2008,CHN,Asia,351000.0,83.18902296,2008-05-25,18.0,6.1,China,7.127000000000001
822,2008,IDN,Asia,25.0,83.18902296,2008-02-20,35.0,5.4,Indonesia,
823,2008,IDN,Asia,25.0,83.18902296,2008-02-20,26.0,7.4,Indonesia,6.93
824,2008,IDN,Asia,625.0,83.18902296,2008-09-09,25.2,5.2,Indonesia,4.2
825,2009,CRI,Americas,128618.0,82.89324989,2009-01-08,14.0,6.1,Costa Rica,6.207999999999999
826,2009,AFG,Asia,3309.0,82.89324989,2009-04-16,4.0,5.1,Afghanistan,6.26
827,2009,AFG,Asia,3309.0,82.89324989,2009-04-16,5.9,5.2,Afghanistan,6.0520000000000005
828,2009,CHN,Asia,4549.0,82.89324989,2009-01-25,19.0,5.1,China,5.386
829,2009,IDN,Asia,4250.0,82.89324989,2009-01-03,23.0,7.4,Indonesia,6.899
830,2009,IDN,Asia,4250.0,82.89324989,2009-01-03,35.0,5.0,Indonesia,
831,2009,IDN,Asia,4250.0,82.89324989,2009-01-03,36.6,5.0,Indonesia,
832,2009,IDN,Asia,4250.0,82.89324989,2009-01-03,35.4,5.0,Indonesia,
833,2009,IDN,Asia,4250.0,82.89324989,2009-01-03,35.0,5.1,Indonesia,
834,2009,IDN,Asia,3049.0,82.89324989,2009-02-11,35.0,5.4,Indonesia,
835,2009,IDN,Asia,3049.0,82.89324989,2009-02-11,35.0,5.5,Indonesia,
836,2009,IDN,Asia,3049.0,82.89324989,2009-02-11,35.0,6.0,Indonesia,5.5
837,2009,IDN,Asia,3049.0,82.89324989,2009-02-11,44.1,5.1,Indonesia,
838,2009,IDN,Asia,3049.0,82.89324989,2009-02-11,34.3,5.2,Indonesia,
839,2007,TJK,Asia,7003.0,80.11339326,2007-07-21,10.0,5.2,Tajikistan,5.957000000000001
840,2007,SLB,Oceania,2384.0,80.11339326,2007-04-01,10.0,5.5,Solomon Islands,
841,2007,JPN,Asia,201.0,80.11339326,2007-04-15,15.7,5.1,Japan,5.757999999999999
842,2008,JPN,Asia,448.0,83.18902296,2008-06-13,11.5,5.1,Japan,
843,2008,JPN,Asia,448.0,83.18902296,2008-06-13,7.8,6.9,Japan,8.35
844,2008,JPN,Asia,470.0,83.18902296,2008-07-23,108.0,6.8,Japan,7.061
845,2008,PAK,Asia,75320.0,83.18902296,2008-10-28,15.0,6.4,Pakistan,7.449
846,2008,PAK,Asia,75320.0,83.18902296,2008-10-28,10.0,5.3,Pakistan,
847,2008,IRN,Asia,20545.0,83.18902296,2008-09-10,12.0,6.1,Iran,7.345
848,2008,KGZ,Asia,1197.0,83.18902296,2008-10-05,27.4,6.7,Kyrgyzstan,6.422000000000001
849,2008,RUS,Europe,5235.0,83.18902296,2008-10-11,10.0,5.3,Russia,
850,2008,RUS,Europe,5235.0,83.18902296,2008-10-11,16.0,5.8,Russia,6.966
851,2008,RWA,Africa,643.0,83.18902296,2008-02-03,10.0,5.0,Rwanda,
852,2008,USA,Americas,2103.0,83.18902296,2008-02-21,0.0,5.1,United States of America,
853,2008,USA,Americas,2103.0,83.18902296,2008-02-21,7.9,5.9,United States of America,6.872999999999999
854,2009,ITA,Europe,56000.0,82.89324989,2009-04-06,8.6,5.1,Italy,
855,2009,ITA,Europe,56000.0,82.89324989,2009-04-06,8.8,6.3,Italy,7.809
856,2008,COD,Africa,17355.0,83.18902296,2008-02-03,10.0,5.9,Democratic Republic of the Congo,7.515
857,2009,BTN,Asia,12.0,82.89324989,2009-09-21,14.0,6.1,Bhutan,6.187
858,2009,CHN,Asia,65336.0,82.89324989,2009-07-09,7.0,5.7,China,7.0889999999999995
859,2009,GEO,Asia,7306.0,82.89324989,2009-09-07,15.0,6.0,Georgia,6.598
860,2009,IRN,Asia,269.0,82.89324989,2009-11-03,14.1,5.0,Iran,5.468
861,2010,AFG,Asia,1070.0,84.25273272,2010-04-18,13.0,5.6,Afghanistan,6.4239999999999995
862,2010,IDN,Asia,4600.0,84.25273272,2010-06-16,10.0,5.0,Indonesia,
863,2010,IDN,Asia,4600.0,84.25273272,2010-06-16,10.5,6.6,Indonesia,6.757999999999999
864,2010,IDN,Asia,4600.0,84.25273272,2010-06-16,10.7,5.2,Indonesia,
865,2010,IDN,Asia,4600.0,84.25273272,2010-06-16,13.0,6.2,Indonesia,6.582000000000001
866,2010,IDN,Asia,4600.0,84.25273272,2010-06-16,54.7,5.4,Indonesia,
867,2010,CHL,Americas,2671556.0,84.25273272,2010-02-27,35.0,6.0,Chile,6.105
868,2010,CHL,Americas,2671556.0,84.25273272,2010-02-27,45.2,5.9,Chile,5.18
869,2010,CHL,Americas,2671556.0,84.25273272,2010-02-27,35.0,5.3,Chile,
870,2010,CHL,Americas,2671556.0,84.25273272,2010-02-27,40.0,5.2,Chile,
871,2010,CHL,Americas,2671556.0,84.25273272,2010-02-27,35.0,5.0,Chile,
872,2010,CHL,Americas,2671556.0,84.25273272,2010-02-27,24.7,5.6,Chile,5.571000000000001
873,2010,CHL,Americas,2671556.0,84.25273272,2010-02-27,38.0,5.0,Chile,
874,2010,CHL,Americas,2671556.0,84.25273272,2010-02-27,35.0,5.5,Chile,4.684
875,2010,CHL,Americas,2671556.0,84.25273272,2010-02-27,35.0,5.4,Chile,
876,2010,CHL,Americas,2671556.0,84.25273272,2010-02-27,35.0,5.5,Chile,4.692
877,2010,CHL,Americas,2671556.0,84.25273272,2010-02-27,44.8,5.2,Chile,
878,2010,CHL,Americas,2671556.0,84.25273272,2010-02-27,50.0,5.1,Chile,
879,2010,CHL,Americas,2671556.0,84.25273272,2010-02-27,35.0,5.6,Chile,4.926
880,2010,CHL,Americas,2671556.0,84.25273272,2010-02-27,35.0,5.2,Chile,
881,2010,CHL,Americas,2671556.0,84.25273272,2010-02-27,35.0,5.6,Chile,4.927
882,2010,CHL,Americas,2671556.0,84.25273272,2010-02-27,35.0,5.1,Chile,
883,2010,CHL,Americas,2671556.0,84.25273272,2010-02-27,27.2,5.0,Chile,
884,2010,CHL,Americas,2671556.0,84.25273272,2010-02-27,32.7,5.5,Chile,5.273
885,2010,CHL,Americas,2671556.0,84.25273272,2010-02-27,35.0,6.0,Chile,5.773
886,2010,IDN,Asia,11864.0,84.25273272,2010-10-25,19.0,5.9,Indonesia,5.832999999999999
887,2010,IDN,Asia,11864.0,84.25273272,2010-10-25,18.9,5.0,Indonesia,
888,2010,IDN,Asia,11864.0,84.25273272,2010-10-25,26.0,6.3,Indonesia,6.053
889,2010,CHN,Asia,10515.0,84.25273272,2010-01-30,10.0,5.1,China,6.064
890,2010,CHN,Asia,50011.0,84.25273272,2010-02-25,10.0,5.2,China,6.257000000000001
891,2010,CHN,Asia,112000.0,84.25273272,2010-04-14,10.0,5.0,China,
892,2010,CHN,Asia,112000.0,84.25273272,2010-04-14,7.6,6.1,China,7.495
893,2010,CHN,Asia,112000.0,84.25273272,2010-04-14,10.0,5.2,China,
894,2010,CHN,Asia,112000.0,84.25273272,2010-04-14,22.8,5.4,China,
895,2010,HTI,Americas,3700000.0,84.25273272,2010-01-12,10.0,5.3,Haiti,
896,2010,HTI,Americas,3700000.0,84.25273272,2010-01-12,10.0,5.7,Haiti,6.817
897,2010,HTI,Americas,3700000.0,84.25273272,2010-01-12,10.0,5.0,Haiti,
898,2010,HTI,Americas,3700000.0,84.25273272,2010-01-12,10.0,6.0,Haiti,7.07
899,2010,HTI,Americas,3700000.0,84.25273272,2010-01-12,13.0,7.0,Haiti,9.022
900,2010,IRN,Asia,750.0,84.25273272,2010-01-16,5.0,5.0,Iran,6.376
901,2011,CHN,Asia,5440.0,86.91246502,2011-03-10,10.0,5.5,China,6.888999999999999
902,2011,ESP,Europe,15300.0,86.91246502,2011-05-11,1.0,5.1,Spain,7.5489999999999995
903,2009,MWI,Africa,15015.0,82.89324989,2009-12-08,8.0,5.9,Malawi,7.25
904,2009,PHL,Asia,392.0,82.89324989,2009-09-18,10.0,5.7,Philippines,6.5489999999999995
905,2010,SLB,Oceania,1126.0,84.25273272,2010-01-03,35.0,5.0,Solomon Islands,
906,2010,SLB,Oceania,1126.0,84.25273272,2010-01-03,10.0,6.6,Solomon Islands,6.73
907,2010,IRN,Asia,274.0,84.25273272,2010-07-30,19.0,5.5,Iran,6.295
908,2010,IRN,Asia,32.0,84.25273272,2010-07-20,10.0,5.1,Iran,
909,2010,IRN,Asia,32.0,84.25273272,2010-07-20,10.0,5.8,Iran,6.968
910,2010,IRN,Asia,25.0,84.25273272,2010-12-20,12.0,6.7,Iran,6.755
911,2010,IRN,Asia,3600.0,84.25273272,2010-08-27,7.0,5.8,Iran,7.097
912,2010,MEX,Americas,25232.0,84.25273272,2010-04-04,9.987,5.38,Mexico,
913,2010,MEX,Americas,25232.0,84.25273272,2010-04-04,9.987,5.43,Mexico,
914,2010,MEX,Americas,25232.0,84.25273272,2010-04-04,10.011,5.7,Mexico,7.146
915,2010,MEX,Americas,25232.0,84.25273272,2010-04-04,9.981,5.26,Mexico,
916,2010,MEX,Americas,25232.0,84.25273272,2010-04-04,9.987,7.2,Mexico,8.578
917,2010,NZL,Oceania,300002.0,84.25273272,2010-09-04,5.0,5.0,New Zealand,
918,2010,TJK,Asia,7840.0,84.25273272,2010-01-02,47.0,5.4,Tajikistan,4.18
919,2010,TUR,Asia,3600.0,84.25273272,2010-03-08,5.0,5.1,Turkey,
920,2010,TUR,Asia,3600.0,84.25273272,2010-03-08,5.0,5.2,Turkey,
921,2010,TUR,Asia,3600.0,84.25273272,2010-03-08,10.0,5.6,Turkey,6.43
922,2010,TUR,Asia,3600.0,84.25273272,2010-03-08,12.0,6.1,Turkey,7.381
923,2010,TWN,Asia,96.0,84.25273272,2010-03-04,23.9,5.2,Taiwan,
924,2010,TWN,Asia,96.0,84.25273272,2010-03-04,21.0,6.3,Taiwan,6.343999999999999
925,2011,JPN,Asia,368820.0,86.91246502,2011-03-11,12.4,5.7,Japan,6.377999999999999
926,2011,JPN,Asia,368820.0,86.91246502,2011-03-11,9.3,6.2,Japan,6.617999999999999
927,2011,JPN,Asia,368820.0,86.91246502,2011-03-11,58.1,5.1,Japan,
928,2011,JPN,Asia,368820.0,86.91246502,2011-03-11,53.8,5.0,Japan,
929,2011,JPN,Asia,368820.0,86.91246502,2011-03-11,39.5,5.9,Japan,5.052
930,2011,JPN,Asia,368820.0,86.91246502,2011-03-11,47.5,6.0,Japan,4.994
931,2011,JPN,Asia,368820.0,86.91246502,2011-03-11,35.0,5.8,Japan,4.809
932,2011,MMR,Asia,21277.0,86.91246502,2011-03-24,10.0,5.7,Myanmar,6.947
933,2011,MMR,Asia,21277.0,86.91246502,2011-03-24,8.0,6.9,Myanmar,8.58
934,2011,NZL,Oceania,301500.0,86.91246502,2011-02-22,6.6,5.6,New Zealand,7.035
935,2011,NZL,Oceania,301500.0,86.91246502,2011-02-22,5.9,5.5,New Zealand,6.901
936,2011,PAK,Asia,1000.0,86.91246502,2011-01-18,68.0,7.2,Pakistan,7.284
937,2011,TUR,Asia,10121.0,86.91246502,2011-05-19,7.0,5.8,Turkey,7.312
938,2010,SRB,Europe,27030.0,84.25273272,2010-11-03,0.9,5.5,Republic of Serbia,6.995
939,2011,CHN,Asia,258.0,86.91246502,2011-06-08,32.0,5.0,China,
940,2011,CHN,Asia,258.0,86.91246502,2011-06-08,21.1,5.1,China,4.4
941,2011,IND,Asia,575200.0,86.91246502,2011-09-18,50.0,6.9,India,8.039
942,2011,CHN,Asia,143000.0,86.91246502,2011-11-01,31.9,5.0,China,
943,2011,CHN,Asia,143000.0,86.91246502,2011-11-01,28.0,5.6,China,5.989
944,2011,CHN,Asia,1616.0,86.91246502,2011-08-11,10.0,5.0,China,
945,2011,CHN,Asia,1616.0,86.91246502,2011-08-11,10.0,5.6,China,6.721
946,2011,GTM,Americas,400.0,86.91246502,2011-09-19,9.0,5.6,Guatemala,6.2410000000000005
947,2011,GTM,Americas,400.0,86.91246502,2011-09-19,10.0,5.2,Guatemala,
948,2012,AFG,Asia,237.0,88.71096898,2012-06-11,16.0,5.7,Afghanistan,5.237
949,2012,AFG,Asia,237.0,88.71096898,2012-06-11,29.1,5.4,Afghanistan,
950,2012,AZE,Asia,15550.0,88.71096898,2012-05-07,11.9,5.3,Azerbaijan,6.184
951,2012,AZE,Asia,15550.0,88.71096898,2012-05-07,11.0,5.6,Azerbaijan,6.742000000000001
952,2012,AZE,Asia,6949.0,88.71096898,2012-05-18,18.1,5.1,Azerbaijan,5.712999999999999
953,2012,BGR,Europe,210.0,88.71096898,2012-05-22,10.0,5.6,Bulgaria,6.869
954,2012,CHL,Americas,24297.0,88.71096898,2012-03-25,40.7,7.1,Chile,7.013
955,2012,CHN,Asia,34234.0,88.71096898,2012-06-24,10.0,5.5,China,6.707999999999999
956,2012,CHN,Asia,155052.0,88.71096898,2012-06-29,18.0,6.3,China,7.021
957,2012,CHN,Asia,744821.0,88.71096898,2012-09-07,10.0,5.3,China,6.401
958,2012,CHN,Asia,744821.0,88.71096898,2012-09-07,10.0,5.5,China,6.656000000000001
959,2012,CHN,Asia,5500.0,88.71096898,2012-12-07,10.0,5.3,China,6.325
960,2012,CRI,Americas,762.0,88.71096898,2012-09-05,35.0,7.6,Costa Rica,7.172000000000001
961,2012,IDN,Asia,7883.0,88.71096898,2012-08-18,10.0,6.3,Indonesia,7.647
962,2013,CHN,Asia,123887.0,90.01044002,2013-07-22,10.2,5.4,China,6.395
963,2013,CHN,Asia,538050.0,90.01044002,2013-08-31,10.0,5.0,China,
964,2013,CHN,Asia,538050.0,90.01044002,2013-08-31,8.0,5.6,China,6.4
965,2013,IDN,Asia,55935.0,90.01044002,2013-07-02,10.0,5.3,Indonesia,
966,2013,IDN,Asia,55935.0,90.01044002,2013-07-02,10.0,5.5,Indonesia,6.412000000000001
967,2013,IDN,Asia,55935.0,90.01044002,2013-07-02,13.0,6.1,Indonesia,6.523
968,2013,AFG,Asia,3531.0,90.01044002,2013-04-24,63.8,5.5,Afghanistan,4.507
969,2013,CHN,Asia,427740.0,90.01044002,2013-03-03,8.0,5.2,China,6.331
970,2013,CHN,Asia,2198785.0,90.01044002,2013-04-20,10.0,5.1,China,
971,2013,CHN,Asia,2198785.0,90.01044002,2013-04-20,10.0,5.0,China,
972,2013,CHN,Asia,2198785.0,90.01044002,2013-04-20,14.0,6.6,China,7.83
973,2013,CHN,Asia,58300.0,90.01044002,2013-11-22,10.0,5.3,China,6.662000000000001
974,2013,COL,Americas,10015.0,90.01044002,2013-02-09,145.0,6.9,Colombia,5.324
975,2013,GTM,Americas,572.0,90.01044002,2013-09-07,66.0,6.4,Guatemala,5.831
976,2013,IDN,Asia,2738.0,90.01044002,2013-10-22,9.75,5.4,Indonesia,6.1370000000000005
977,2013,IND,Asia,59350.0,90.01044002,2013-05-01,15.0,5.7,India,5.834
978,2011,NZL,Oceania,345.0,86.91246502,2011-06-13,6.1,5.9,New Zealand,6.685
979,2011,MEX,Americas,152.0,86.91246502,2011-12-11,59.0,6.5,Mexico,7.237
980,2011,PER,Americas,2681.0,86.91246502,2011-10-28,10.0,5.6,Peru,6.504
981,2011,PER,Americas,2681.0,86.91246502,2011-10-28,22.3,5.6,Peru,5.695
982,2011,PER,Americas,2681.0,86.91246502,2011-10-28,24.0,6.9,Peru,6.981
983,2011,TUR,Asia,32938.0,86.91246502,2011-10-23,5.0,5.9,Turkey,7.49
984,2011,TUR,Asia,32938.0,86.91246502,2011-10-23,5.0,5.1,Turkey,
985,2011,TUR,Asia,32938.0,86.91246502,2011-10-23,5.0,5.7,Turkey,7.016
986,2011,TUR,Asia,32938.0,86.91246502,2011-10-23,10.0,5.0,Turkey,
987,2011,TUR,Asia,32938.0,86.91246502,2011-10-23,10.0,5.2,Turkey,
988,2011,TUR,Asia,32938.0,86.91246502,2011-10-23,5.0,5.6,Turkey,6.973
989,2011,TUR,Asia,32938.0,86.91246502,2011-10-23,9.0,5.6,Turkey,6.6339999999999995
990,2011,TUR,Asia,32938.0,86.91246502,2011-10-23,18.0,7.1,Turkey,8.908999999999999
991,2011,TUR,Asia,105.0,86.91246502,2011-11-09,5.0,5.6,Turkey,6.642
992,2012,MMR,Asia,1486.0,88.71096898,2012-11-11,28.4,5.5,Myanmar,5.303
993,2012,MMR,Asia,1486.0,88.71096898,2012-11-11,6.0,5.8,Myanmar,7.381
994,2012,MMR,Asia,1486.0,88.71096898,2012-11-11,13.7,6.8,Myanmar,5.523
995,2012,PHL,Asia,320277.0,88.71096898,2012-02-06,10.0,5.3,Philippines,
996,2012,PHL,Asia,320277.0,88.71096898,2012-02-06,15.0,5.8,Philippines,6.336
997,2012,PHL,Asia,320277.0,88.71096898,2012-02-06,9.0,6.0,Philippines,7.1579999999999995
998,2012,PHL,Asia,320277.0,88.71096898,2012-02-06,10.0,5.6,Philippines,6.947
999,2012,PHL,Asia,320277.0,88.71096898,2012-02-06,11.0,6.7,Philippines,7.468
1000,2012,IRN,Asia,61546.0,88.71096898,2012-08-11,4.0,5.1,Iran,
1001,2012,IRN,Asia,61546.0,88.71096898,2012-08-11,9.7,5.0,Iran,
1002,2012,IRN,Asia,61546.0,88.71096898,2012-08-11,12.0,6.2,Iran,7.5
1003,2012,IRN,Asia,61546.0,88.71096898,2012-08-11,4.0,5.0,Iran,
1004,2012,IRN,Asia,61546.0,88.71096898,2012-08-11,11.0,6.4,Iran,7.164
1005,2012,IRN,Asia,5523.0,88.71096898,2012-12-05,14.4,5.8,Iran,6.827000000000001
1006,2012,IRN,Asia,238.0,88.71096898,2012-01-19,8.3,5.1,Iran,5.99
1007,2012,ITA,Europe,11050.0,88.71096898,2012-05-20,4.7,5.0,Italy,5.632999999999999
1008,2012,ITA,Europe,11050.0,88.71096898,2012-05-20,6.3,6.0,Italy,6.4110000000000005
1009,2012,ITA,Europe,14350.0,88.71096898,2012-05-29,10.0,5.1,Italy,
1010,2012,ITA,Europe,14350.0,88.71096898,2012-05-29,6.8,5.5,Italy,7.4639999999999995
1011,2012,ITA,Europe,14350.0,88.71096898,2012-05-29,10.2,5.8,Italy,6.567
1012,2012,MEX,Americas,49011.0,88.71096898,2012-03-20,24.6,5.1,Mexico,
1013,2012,MEX,Americas,49011.0,88.71096898,2012-03-20,10.0,5.1,Mexico,
1014,2012,MEX,Americas,49011.0,88.71096898,2012-03-20,10.0,5.3,Mexico,
1015,2012,MEX,Americas,49011.0,88.71096898,2012-03-20,20.0,7.4,Mexico,7.577000000000001
1016,2012,PER,Americas,4435.0,88.71096898,2012-01-30,43.0,6.4,Peru,6.284
1017,2013,IRN,Asia,4350.0,90.01044002,2013-04-09,11.0,5.4,Iran,
1018,2013,IRN,Asia,4350.0,90.01044002,2013-04-09,12.0,6.4,Iran,7.5520000000000005
1019,2013,IRN,Asia,27.0,90.01044002,2013-04-16,80.0,7.7,Iran,8.285
1020,2013,IRN,Asia,1620.0,90.01044002,2013-11-28,8.0,5.8,Iran,6.986000000000001
1021,2013,JPN,Asia,8438.0,90.01044002,2013-04-12,14.0,5.8,Japan,6.584
1022,2013,PAK,Asia,185749.0,90.01044002,2013-09-24,10.52,5.5,Pakistan,5.7
1023,2013,PAK,Asia,185749.0,90.01044002,2013-09-24,20.97,5.2,Pakistan,
1024,2013,PAK,Asia,185749.0,90.01044002,2013-09-24,14.48,5.6,Pakistan,6.197
1025,2013,PAK,Asia,185749.0,90.01044002,2013-09-24,10.0,5.0,Pakistan,
1026,2013,PAK,Asia,185749.0,90.01044002,2013-09-24,9.97,5.1,Pakistan,
1027,2013,PAK,Asia,185749.0,90.01044002,2013-09-24,10.03,5.8,Pakistan,6.5
1028,2013,PAK,Asia,185749.0,90.01044002,2013-09-24,15.0,7.7,Pakistan,8.187999999999999
1029,2013,PAK,Asia,50.0,90.01044002,2013-09-28,12.0,6.8,Pakistan,6.7829999999999995
1030,2013,PHL,Asia,3222224.0,90.01044002,2013-10-15,20.78,5.1,Philippines,
1031,2013,PHL,Asia,3222224.0,90.01044002,2013-10-15,10.0,5.3,Philippines,
1032,2013,PHL,Asia,3222224.0,90.01044002,2013-10-15,6.74,5.6,Philippines,6.693
1033,2013,PHL,Asia,3222224.0,90.01044002,2013-10-15,10.0,5.0,Philippines,
1034,2013,PHL,Asia,3222224.0,90.01044002,2013-10-15,17.31,5.2,Philippines,
1035,2013,PHL,Asia,3222224.0,90.01044002,2013-10-15,10.0,5.1,Philippines,
1036,2013,PHL,Asia,3222224.0,90.01044002,2013-10-15,19.04,7.1,Philippines,8.16
1037,2013,TWN,Asia,1519.0,90.01044002,2013-06-02,17.0,6.2,Taiwan,5.917999999999999
1038,2013,CHN,Asia,90500.0,90.01044002,2013-12-16,17.8,5.1,China,5.271
1039,2013,CHN,Asia,80555.0,90.01044002,2013-04-17,38.3,5.1,China,4.252
1040,2013,CHN,Asia,2000.0,90.01044002,2013-12-01,7.68,5.0,China,6.136
1041,2014,CHL,Americas,513387.0,91.47061409,2014-04-01,21.61,5.8,Chile,6.024
1042,2014,CHN,Asia,1120513.0,91.47061409,2014-08-03,12.0,6.2,China,8.031
1043,2014,CHN,Asia,1120513.0,91.47061409,2014-08-03,10.0,5.2,China,
1044,2014,CHN,Asia,450000.0,91.47061409,2014-02-12,10.0,5.7,China,6.965
1045,2014,CHN,Asia,450000.0,91.47061409,2014-02-12,10.0,6.9,China,7.656000000000001
1046,2014,CHN,Asia,75021.0,91.47061409,2014-04-04,24.74,5.4,China,5.596
1047,2014,CHN,Asia,184723.0,91.47061409,2014-05-30,10.0,5.9,China,7.0360000000000005
1048,2014,CHN,Asia,255324.0,91.47061409,2014-10-07,8.51,6.1,China,7.291
1049,2014,CHN,Asia,82355.0,91.47061409,2014-11-22,9.0,5.9,China,7.011
1050,2014,CHN,Asia,2022.0,91.47061409,2014-12-06,10.0,5.6,China,6.667999999999999
1051,2014,GRC,Europe,2023.0,91.47061409,2014-01-26,21.7,5.4,Greece,
1052,2014,GRC,Europe,2023.0,91.47061409,2014-01-26,10.0,5.6,Greece,6.43
1053,2014,GTM,Americas,94783.0,91.47061409,2014-07-07,55.72,5.1,Guatemala,
1054,2015,COL,Americas,41236.0,91.57911703,2015-03-10,155.0,6.2,Colombia,4.78
1055,2015,CHL,Americas,681499.0,91.57911703,2015-09-16,17.18,5.1,Chile,
1056,2015,CHL,Americas,681499.0,91.57911703,2015-09-16,28.41,7.0,Chile,6.997999999999999
1057,2015,CHL,Americas,681499.0,91.57911703,2015-09-16,29.47,5.2,Chile,
1058,2015,CHL,Americas,681499.0,91.57911703,2015-09-16,37.8,5.6,Chile,4.765
1059,2015,AFG,Asia,92725.0,91.57911703,2015-10-26,231.0,7.5,Afghanistan,6.939
1060,2015,AFG,Asia,92725.0,91.57911703,2015-10-26,206.94,5.9,Afghanistan,3.577
1061,2015,AFG,Asia,407.0,91.57911703,2015-12-25,206.0,6.3,Afghanistan,3.915
1062,2015,CHN,Asia,8640.0,91.57911703,2015-02-22,11.92,5.1,China,5.952000000000001
1063,2015,CHN,Asia,2032.0,91.57911703,2015-03-01,10.0,5.2,China,6.376
1064,2015,CHN,Asia,207883.0,91.57911703,2015-04-25,10.0,5.1,China,
1065,2015,CHN,Asia,207883.0,91.57911703,2015-04-25,10.0,5.7,China,6.593999999999999
1066,2015,CHN,Asia,9263.0,91.57911703,2015-07-03,20.0,6.4,China,7.122000000000001
1067,2016,ECU,Americas,389364.0,92.73447917,2016-04-16,20.59,7.8,Ecuador,8.51
1068,2016,ECU,Americas,147.0,92.73447917,2016-05-18,29.95,6.9,Ecuador,6.922000000000001
1069,2016,ECU,Americas,147.0,92.73447917,2016-05-18,16.0,6.7,Ecuador,6.938
1070,2014,IRN,Asia,330.0,91.47061409,2014-01-02,8.0,5.2,Iran,6.2139999999999995
1071,2014,IRN,Asia,12250.0,91.47061409,2014-08-18,10.0,5.1,Iran,
1072,2014,IRN,Asia,12250.0,91.47061409,2014-08-18,5.0,6.0,Iran,7.558
1073,2014,IRN,Asia,12250.0,91.47061409,2014-08-18,10.0,5.4,Iran,
1074,2014,IRN,Asia,12250.0,91.47061409,2014-08-18,15.0,5.2,Iran,
1075,2014,IRN,Asia,12250.0,91.47061409,2014-08-18,12.0,5.6,Iran,7.0
1076,2014,IRN,Asia,12250.0,91.47061409,2014-08-18,10.2,6.2,Iran,7.51
1077,2014,JPN,Asia,2657.0,91.47061409,2014-11-22,9.0,6.2,Japan,6.303
1078,2014,MEX,Americas,381.0,91.47061409,2014-04-18,24.0,7.2,Mexico,6.955
1079,2014,NIC,Americas,12281.0,91.47061409,2014-04-11,135.0,6.6,Nicaragua,5.04
1080,2014,NIC,Americas,12281.0,91.47061409,2014-04-11,10.67,5.3,Nicaragua,
1081,2014,THA,Asia,17523.0,91.47061409,2014-05-05,6.0,6.1,Thailand,7.652
1082,2015,NPL,Asia,5639722.0,91.57911703,2015-04-25,13.61,5.1,Nepal,
1083,2015,NPL,Asia,5639722.0,91.57911703,2015-04-25,10.0,5.2,Nepal,
1084,2015,NPL,Asia,5639722.0,91.57911703,2015-04-25,10.0,5.3,Nepal,
1085,2015,NPL,Asia,5639722.0,91.57911703,2015-04-25,10.0,5.0,Nepal,
1086,2015,NPL,Asia,5639722.0,91.57911703,2015-04-25,10.0,5.1,Nepal,
1087,2015,NPL,Asia,5639722.0,91.57911703,2015-04-25,10.0,5.5,Nepal,5.6370000000000005
1088,2015,NPL,Asia,5639722.0,91.57911703,2015-04-25,10.0,6.6,Nepal,6.659
1089,2015,NPL,Asia,5639722.0,91.57911703,2015-04-25,10.0,5.4,Nepal,
1090,2015,NPL,Asia,5639722.0,91.57911703,2015-04-25,10.0,5.6,Nepal,5.939
1091,2015,NPL,Asia,5639722.0,91.57911703,2015-04-25,10.0,6.1,Nepal,6.468
1092,2015,NPL,Asia,5639722.0,91.57911703,2015-04-25,8.22,7.8,Nepal,8.718
1093,2015,NPL,Asia,2428.0,91.57911703,2015-05-12,10.0,5.2,Nepal,
1094,2015,NPL,Asia,2428.0,91.57911703,2015-05-12,15.0,5.2,Nepal,
1095,2015,NPL,Asia,2428.0,91.57911703,2015-05-12,15.0,5.1,Nepal,
1096,2015,NPL,Asia,2428.0,91.57911703,2015-05-12,15.0,5.0,Nepal,
1097,2015,NPL,Asia,2428.0,91.57911703,2015-05-12,15.0,6.3,Nepal,6.4110000000000005
1098,2015,NPL,Asia,2428.0,91.57911703,2015-05-12,10.0,5.4,Nepal,
1099,2015,NPL,Asia,2428.0,91.57911703,2015-05-12,10.0,5.0,Nepal,
1100,2015,NPL,Asia,2428.0,91.57911703,2015-05-12,13.01,5.5,Nepal,5.56
1101,2015,NPL,Asia,2428.0,91.57911703,2015-05-12,15.0,7.3,Nepal,7.495
1102,2015,KGZ,Asia,16780.0,91.57911703,2015-11-17,18.0,5.6,Kyrgyzstan,6.329
1103,2015,TJK,Asia,7976.0,91.57911703,2015-12-07,19.87,5.4,Tajikistan,
1104,2015,TJK,Asia,7976.0,91.57911703,2015-12-07,10.0,5.2,Tajikistan,
1105,2015,TJK,Asia,7976.0,91.57911703,2015-12-07,17.92,5.3,Tajikistan,
1106,2015,TJK,Asia,7976.0,91.57911703,2015-12-07,22.0,7.2,Tajikistan,7.4239999999999995
1107,2016,IDN,Asia,368.0,92.73447917,2016-01-16,4.11,5.6,Indonesia,6.8229999999999995
1108,2016,IDN,Asia,368.0,92.73447917,2016-01-16,14.06,5.0,Indonesia,
1109,2016,IND,Asia,10808.0,92.73447917,2016-01-03,55.0,6.7,India,6.926
1110,2016,JPN,Asia,120800.0,92.73447917,2016-04-14,10.0,5.3,Japan,
1111,2016,JPN,Asia,120800.0,92.73447917,2016-04-14,8.0,6.0,Japan,6.502999999999999
1112,2016,JPN,Asia,120800.0,92.73447917,2016-04-14,10.0,5.4,Japan,
1113,2016,JPN,Asia,120800.0,92.73447917,2016-04-14,9.0,6.2,Japan,7.33
1114,2016,JPN,Asia,298432.0,92.73447917,2016-04-16,9.12,5.1,Japan,
1115,2016,JPN,Asia,298432.0,92.73447917,2016-04-16,9.07,5.2,Japan,
1116,2013,TWN,Asia,97.0,90.01044002,2013-03-27,19.0,5.9,Taiwan,5.5889999999999995
1117,2014,USA,Americas,3250.0,91.47061409,2014-08-24,11.12,6.02,United States of America,8.197000000000001
1118,2014,ZAF,Africa,2002.0,91.47061409,2014-08-05,5.0,5.4,South Africa,7.315
1119,2016,CHN,Asia,37200.0,92.73447917,2016-11-25,10.0,5.1,China,
1120,2016,CHN,Asia,37200.0,92.73447917,2016-11-25,17.0,6.6,China,6.755
1121,2016,CHN,Asia,37200.0,92.73447917,2016-11-25,10.0,5.2,China,
1122,2016,CHN,Asia,9120.0,92.73447917,2016-12-08,17.55,6.0,China,6.819
1123,2017,CHN,Asia,218325.0,94.70984073,2017-08-08,10.0,5.3,China,
1124,2017,CHN,Asia,218325.0,94.70984073,2017-08-08,10.0,5.2,China,
1125,2017,CHN,Asia,218325.0,94.70984073,2017-08-08,20.0,6.3,China,7.25
1126,2017,CHN,Asia,218325.0,94.70984073,2017-08-08,9.0,6.5,China,7.417000000000001
1127,2017,CHN,Asia,2106.0,94.70984073,2017-03-26,27.61,5.0,China,4.761
1128,2017,CHN,Asia,23403.0,94.70984073,2017-11-18,10.0,5.1,China,
1129,2016,NZL,Oceania,50.0,92.73447917,2016-11-14,9.0,6.5,New Zealand,
1130,2016,IDN,Asia,86018.0,92.73447917,2016-12-07,49.68,5.0,Indonesia,
1131,2016,ITA,Europe,4854.0,92.73447917,2016-08-24,3.25,5.6,Italy,6.44
1132,2016,ITA,Europe,4854.0,92.73447917,2016-08-24,4.44,6.2,Italy,7.372999999999999
1133,2016,ITA,Europe,3027.0,92.73447917,2016-10-26,10.0,6.1,Italy,7.4079999999999995
1134,2016,ITA,Europe,3027.0,92.73447917,2016-10-26,6.0,5.5,Italy,7.492000000000001
1135,2016,ITA,Europe,22292.0,92.73447917,2016-10-30,8.0,6.6,Italy,7.945
1136,2016,JPN,Asia,493.0,92.73447917,2016-10-21,5.63,6.2,Japan,7.202999999999999
1137,2016,KOR,Asia,29832.0,92.73447917,2016-09-12,13.0,5.4,South Korea,6.727
1138,2016,MKD,Europe,100.0,92.73447917,2016-09-11,13.2,5.1,North Macedonia,5.938
1139,2016,MMR,Asia,1152.0,92.73447917,2016-08-24,82.0,6.8,Myanmar,6.428999999999999
1140,2016,PER,Americas,257.0,92.73447917,2016-12-01,12.0,6.2,Peru,6.3660000000000005
1141,2017,MEX,Americas,1200250.0,94.70984073,2017-09-08,63.24,5.3,Mexico,
1142,2017,PHL,Asia,25000.0,94.70984073,2017-04-08,10.0,5.0,Philippines,
1143,2017,PHL,Asia,25000.0,94.70984073,2017-04-08,14.26,5.9,Philippines,5.865
1144,2017,ITA,Europe,11.0,94.70984073,2017-01-18,7.39,5.2,Italy,
1145,2017,ITA,Europe,11.0,94.70984073,2017-01-18,10.0,5.6,Italy,6.511
1146,2017,ITA,Europe,11.0,94.70984073,2017-01-18,7.0,5.7,Italy,6.475
1147,2017,ITA,Europe,11.0,94.70984073,2017-01-18,10.0,5.3,Italy,
1148,2017,IDN,Asia,8895.0,94.70984073,2017-12-15,90.0,6.5,Indonesia,6.645
1149,2017,IRN,Asia,2262.0,94.70984073,2017-05-13,8.0,5.6,Iran,7.73
1150,2017,IRN,Asia,209000.0,94.70984073,2017-11-12,19.0,7.3,Iran,8.663
1151,2017,IRQ,Asia,5969.0,94.70984073,2017-11-12,10.0,5.3,Iraq,
1152,2017,KGZ,Asia,5000.0,94.70984073,2017-05-03,10.0,5.1,Kyrgyzstan,
1153,2017,KOR,Asia,5057.0,94.70984073,2017-11-15,10.0,5.5,South Korea,6.772
1154,2017,PHL,Asia,16500.0,94.70984073,2017-07-06,10.0,5.3,Philippines,
1155,2017,PHL,Asia,16500.0,94.70984073,2017-07-06,9.0,6.5,Philippines,7.606
1156,2018,IDN,Asia,2000000.0,97.02312922,2018-09-28,10.0,5.0,Indonesia,
1157,2018,IDN,Asia,2000000.0,97.02312922,2018-09-28,10.0,5.2,Indonesia,
1158,2018,IDN,Asia,2000000.0,97.02312922,2018-09-28,10.0,5.6,Indonesia,6.601
1159,2018,IDN,Asia,2000000.0,97.02312922,2018-09-28,10.0,5.4,Indonesia,
1160,2018,IDN,Asia,2000000.0,97.02312922,2018-09-28,10.0,5.3,Indonesia,
1161,2018,IDN,Asia,2000000.0,97.02312922,2018-09-28,10.0,5.8,Indonesia,7.132999999999999
1162,2018,IDN,Asia,2000000.0,97.02312922,2018-09-28,10.0,5.7,Indonesia,6.875
1163,2018,IDN,Asia,2000000.0,97.02312922,2018-09-28,20.0,7.5,Indonesia,8.367
1164,2018,IDN,Asia,2000000.0,97.02312922,2018-09-28,10.0,5.1,Indonesia,
1165,2018,IDN,Asia,2000000.0,97.02312922,2018-09-28,4.99,6.1,Indonesia,7.468999999999999
1166,2018,PNG,Oceania,544300.0,97.02312922,2018-02-26,11.09,5.0,Papua New Guinea,
1167,2018,PNG,Oceania,544300.0,97.02312922,2018-02-26,13.06,5.1,Papua New Guinea,
1168,2018,PNG,Oceania,544300.0,97.02312922,2018-02-26,20.0,5.4,Papua New Guinea,
1169,2018,PNG,Oceania,544300.0,97.02312922,2018-02-26,10.0,5.2,Papua New Guinea,
1170,2018,PNG,Oceania,544300.0,97.02312922,2018-02-26,19.0,6.3,Papua New Guinea,7.309
1171,2018,PNG,Oceania,544300.0,97.02312922,2018-02-26,24.79,5.1,Papua New Guinea,
1172,2018,PNG,Oceania,544300.0,97.02312922,2018-02-26,10.0,5.1,Papua New Guinea,
1173,2018,PNG,Oceania,544300.0,97.02312922,2018-02-26,22.0,5.8,Papua New Guinea,6.685
1174,2018,PNG,Oceania,544300.0,97.02312922,2018-02-26,9.0,5.9,Papua New Guinea,7.312
1175,2018,PNG,Oceania,544300.0,97.02312922,2018-02-26,20.16,5.6,Papua New Guinea,5.58
1176,2018,IDN,Asia,516927.0,97.02312922,2018-08-05,34.0,6.9,Indonesia,8.052
1177,2018,IDN,Asia,13811.0,97.02312922,2018-01-23,16.47,5.0,Indonesia,
1178,2018,IDN,Asia,102852.0,97.02312922,2018-07-29,10.9,5.3,Indonesia,
1179,2018,IDN,Asia,779.0,97.02312922,2018-08-19,10.0,5.1,Indonesia,
1180,2018,IDN,Asia,779.0,97.02312922,2018-08-19,10.0,5.5,Indonesia,6.456
1181,2018,IDN,Asia,779.0,97.02312922,2018-08-19,10.0,5.8,Indonesia,6.5120000000000005
1182,2018,IDN,Asia,779.0,97.02312922,2018-08-19,10.0,5.6,Indonesia,6.345
1183,2018,IDN,Asia,779.0,97.02312922,2018-08-19,21.0,6.9,Indonesia,6.622000000000001
1184,2018,IDN,Asia,779.0,97.02312922,2018-08-19,16.0,6.3,Indonesia,6.057
1185,2018,IDN,Asia,779.0,97.02312922,2018-08-19,10.0,5.4,Indonesia,
1186,2018,IRN,Asia,5042.0,97.02312922,2018-07-22,10.0,5.6,Iran,6.803
1187,2018,IRN,Asia,5042.0,97.02312922,2018-07-22,12.0,5.8,Iran,7.231
1188,2018,IRN,Asia,5042.0,97.02312922,2018-07-22,8.0,5.4,Iran,
1189,2018,IRN,Asia,716.0,97.02312922,2018-11-25,10.0,5.0,Iran,
1190,2018,IRN,Asia,716.0,97.02312922,2018-11-25,10.0,5.2,Iran,
1191,2018,IRN,Asia,716.0,97.02312922,2018-11-25,18.0,6.3,Iran,6.3660000000000005
1192,2018,MEX,Americas,3004.0,97.02312922,2018-02-16,22.0,7.2,Mexico,7.169
1193,2019,IDN,Asia,1295.0,98.78144827,2019-03-17,20.94,5.0,Indonesia,
1194,2019,IDN,Asia,1295.0,98.78144827,2019-03-17,10.0,5.3,Indonesia,
1195,2019,IDN,Asia,1295.0,98.78144827,2019-03-17,10.0,5.6,Indonesia,6.082999999999999
1196,2019,PHL,Asia,15555.0,98.78144827,2019-04-22,21.84,6.1,Philippines,7.077999999999999
1197,1972,AFG,Asia,15.0,16.15721204,1972-06-24,24.0,6.3,Afghanistan,6.392
1198,1973,CHN,Asia,840.0,17.15536031,1973-02-06,33.0,5.1,China,
1199,1973,CHN,Asia,840.0,17.15536031,1973-02-06,33.0,5.0,China,
1200,1973,CHN,Asia,840.0,17.15536031,1973-02-06,33.0,7.4,China,8.616
1201,2016,TJK,Asia,155.0,92.73447917,2016-07-01,10.0,5.0,Tajikistan,5.6739999999999995
1202,2016,TZA,Africa,139601.0,92.73447917,2016-09-10,40.0,5.9,United Republic of Tanzania,5.778
1203,2016,USA,Americas,120.0,92.73447917,2016-11-07,4.43,5.0,United States of America,6.5760000000000005
1204,2018,SLV,Americas,2499.0,97.02312922,2018-05-06,10.0,5.2,El Salvador,
1205,2019,ALB,Europe,304.0,98.78144827,2019-06-01,10.0,5.0,Albania,
1206,2019,ALB,Europe,304.0,98.78144827,2019-06-01,10.0,5.2,Albania,6.087999999999999
1207,2019,ALB,Europe,4608.0,98.78144827,2019-09-21,13.73,5.1,Albania,
1208,2019,ALB,Europe,4608.0,98.78144827,2019-09-21,20.0,5.6,Albania,6.946000000000001
1209,2019,ALB,Europe,202913.0,98.78144827,2019-11-26,10.0,5.3,Albania,
1210,2019,ALB,Europe,202913.0,98.78144827,2019-11-26,10.0,5.1,Albania,
1211,2019,ALB,Europe,202913.0,98.78144827,2019-11-26,22.0,6.4,Albania,8.092
1212,2019,CHN,Asia,244220.0,98.78144827,2019-06-17,10.0,5.1,China,
1213,2019,CHN,Asia,244220.0,98.78144827,2019-06-17,6.0,5.8,China,7.744
1214,2019,ECU,Americas,249.0,98.78144827,2019-02-22,70.89,5.5,Ecuador,5.215
1215,2019,ECU,Americas,249.0,98.78144827,2019-02-22,145.0,7.5,Ecuador,7.281000000000001
1216,1965,GRC,Europe,200.0,12.17425308,1965-04-05,20.0,6.1,Greece,6.359
1217,1967,IDN,Asia,10000.0,12.88906472,1967-04-12,50.0,6.7,Indonesia,6.62
1218,2019,IDN,Asia,11804.0,98.78144827,2019-07-14,10.0,5.1,Indonesia,
1219,2019,IDN,Asia,11804.0,98.78144827,2019-07-14,10.0,5.0,Indonesia,
1220,2019,IDN,Asia,11804.0,98.78144827,2019-07-14,10.0,5.2,Indonesia,
1221,2019,IDN,Asia,11804.0,98.78144827,2019-07-14,10.0,5.8,Indonesia,6.8
1222,2019,IDN,Asia,11804.0,98.78144827,2019-07-14,18.98,7.2,Indonesia,6.81
1223,2019,IDN,Asia,247418.0,98.78144827,2019-09-26,10.0,5.5,Indonesia,6.25
1224,2019,IRN,Asia,2100.0,98.78144827,2019-07-08,19.0,5.6,Iran,6.526
1225,2019,PAK,Asia,130398.0,98.78144827,2019-09-24,10.0,5.4,Pakistan,7.188
1226,2019,PER,Americas,4272.0,98.78144827,2019-05-26,122.57,8.0,Peru,7.945
1227,2019,PHL,Asia,3283.0,98.78144827,2019-10-16,129.92,5.1,Philippines,
1228,2019,PHL,Asia,3283.0,98.78144827,2019-10-16,11.97,5.3,Philippines,
1229,2019,PHL,Asia,3283.0,98.78144827,2019-10-16,16.12,6.4,Philippines,7.5520000000000005
1230,2019,PHL,Asia,26025.0,98.78144827,2019-10-29,12.92,5.0,Philippines,
1231,2019,PHL,Asia,26025.0,98.78144827,2019-10-29,10.0,5.2,Philippines,
1232,2019,PHL,Asia,26025.0,98.78144827,2019-10-29,10.0,5.4,Philippines,
1233,2019,PHL,Asia,26025.0,98.78144827,2019-10-29,10.0,5.9,Philippines,6.6
1234,2019,PHL,Asia,26025.0,98.78144827,2019-10-29,10.0,5.0,Philippines,
1235,2019,PHL,Asia,26025.0,98.78144827,2019-10-29,10.0,5.1,Philippines,
1236,2019,PHL,Asia,26025.0,98.78144827,2019-10-29,10.0,5.3,Philippines,
1237,2019,PHL,Asia,26025.0,98.78144827,2019-10-29,14.1,5.6,Philippines,6.3870000000000005
1238,2019,PHL,Asia,26025.0,98.78144827,2019-10-29,15.0,6.6,Philippines,7.4239999999999995
1239,2019,PHL,Asia,260703.0,98.78144827,2019-10-31,10.0,5.1,Philippines,
1240,2019,PHL,Asia,260703.0,98.78144827,2019-10-31,10.0,6.5,Philippines,6.919
1241,2019,PHL,Asia,394565.0,98.78144827,2019-12-15,10.0,5.3,Philippines,
1242,2019,PHL,Asia,394565.0,98.78144827,2019-12-15,15.54,5.0,Philippines,
1243,2019,PHL,Asia,394565.0,98.78144827,2019-12-15,14.2,5.0,Philippines,
1244,2019,PHL,Asia,394565.0,98.78144827,2019-12-15,13.69,5.0,Philippines,
1245,2019,PHL,Asia,394565.0,98.78144827,2019-12-15,10.0,5.6,Philippines,6.542999999999999
1246,2019,PHL,Asia,394565.0,98.78144827,2019-12-15,11.01,5.0,Philippines,
1247,2019,PHL,Asia,394565.0,98.78144827,2019-12-15,18.0,6.8,Philippines,7.1339999999999995
1248,1970,TUR,Asia,793.0,15.00128211,1970-04-23,20.0,5.7,Turkey,6.0089999999999995
1249,1973,USA,Americas,11.0,17.15536031,1973-04-26,36.893,6.2,United States of America,7.985
1250,1979,TUR,Asia,1000.0,28.04168132,1979-07-18,10.0,5.2,Turkey,6.0
1251,2019,USA,Americas,150.0,98.78144827,2019-07-05,6.95,5.37,United States of America,
1252,2020,TUR,Asia,70607.0,100.0,2020-01-24,10.0,6.7,Turkey,9.294
